[ßC],01:00,02:00,03:00,04:00,05:00,06:00,07:00,08:00,09:00,10:00,11:00,12:00,13:00,14:00,15:00,16:00,17:00,18:00,19:00,20:00,21:00,22:00,23:00,24:00,Daily Mean 
001:(01/01),4.6,4.8,5.0,5.3,5.5,5.7,5.8,5.9,6.2,6.2,6.9,7.1,6.4,6.0,5.7,5.3,5.7,6.7,7.2,8.0,8.9,8.7,8.7,5.9,6.3
002:(01/02),5.2,5.8,4.6,4.9,4.1,4.9,4.8,7.0,8.8,9.1,8.8,9.1,9.0,9.3,9.3,9.9,9.7,9.6,9.7,9.7,9.1,9.2,9.1,7.8,7.9
003:(01/03),7.1,7.4,8.1,8.4,8.2,8.3,8.6,8.6,9.0,7.9,8.0,8.4,9.0,9.9,10.0,10.1,9.5,9.0,8.6,8.0,7.7,7.3,6.6,5.9,8.3
004:(01/04),6.4,5.7,5.0,5.2,4.7,4.7,2.2,4.1,5.5,8.2,9.6,10.3,11.0,10.9,11.0,10.1,9.2,8.4,7.3,7.8,6.5,5.9,5.1,4.6,7.1
005:(01/05),6.5,6.0,5.6,5.3,4.9,4.4,3.5,4.2,4.9,7.1,8.4,9.1,9.6,9.4,9.1,9.0,8.7,7.0,6.6,6.0,5.1,6.1,5.3,4.6,6.5
006:(01/06),4.3,5.2,4.5,4.0,4.3,3.4,2.9,2.8,4.0,5.9,7.0,7.9,8.5,9.2,8.1,7.7,7.6,6.5,5.5,5.4,4.2,3.9,3.9,3.2,5.4
007:(01/07),3.1,2.2,2.0,2.0,2.2,1.4,2.3,2.7,3.9,6.6,7.2,8.4,9.0,9.1,8.8,8.6,8.0,7.4,7.3,7.2,6.8,6.1,6.3,4.0,5.5
008:(01/08),3.6,4.0,2.3,2.1,1.9,1.4,1.1,1.8,3.6,6.9,8.9,9.1,9.9,10.5,10.0,9.0,8.2,7.6,7.2,6.7,6.2,5.6,4.8,4.1,5.7
009:(01/09),3.3,3.0,2.9,2.5,2.8,2.1,2.2,2.5,4.5,6.4,7.2,8.4,9.1,9.5,9.6,9.3,8.9,8.2,6.8,6.9,6.1,5.9,5.6,5.8,5.8
010:(01/10),5.2,5.5,4.9,3.7,4.8,4.9,3.8,4.7,6.8,8.9,9.7,10.7,10.7,10.6,11.1,10.7,9.9,10.0,8.7,9.2,6.8,6.3,6.0,6.2,7.5
011:(01/11),6.6,6.5,6.1,5.8,5.5,5.3,5.3,5.6,6.8,8.9,9.7,10.4,10.7,10.8,10.9,10.6,10.6,10.0,9.6,8.9,8.3,7.7,7.5,7.1,8.1
012:(01/12),6.6,5.9,5.8,5.8,5.5,5.6,4.8,2.9,2.7,3.0,2.6,2.6,3.0,3.6,3.9,3.5,3.4,3.2,3.4,3.1,3.0,3.0,3.2,3.4,3.9
013:(01/13),3.3,3.6,3.6,3.8,3.9,3.5,3.6,3.9,4.8,6.5,8.1,9.0,9.6,10.0,10.0,8.9,7.9,7.8,8.1,7.2,5.9,4.8,4.6,4.2,6.1
014:(01/14),4.3,4.4,4.0,4.3,4.9,4.9,5.1,6.0,6.7,8.1,9.1,9.6,9.7,10.0,9.4,9.4,9.1,8.8,8.6,7.8,6.9,5.9,5.2,4.9,7.0
015:(01/15),4.3,4.3,4.5,4.1,3.7,3.2,3.1,2.8,3.2,4.7,6.4,7.2,8.3,9.0,9.4,8.1,7.0,6.7,5.9,5.1,4.6,4.0,3.8,3.4,5.3
016:(01/16),3.1,2.0,0.7,1.1,1.8,1.4,2.1,2.1,3.2,5.2,7.0,8.5,9.4,9.7,10.1,9.7,9.4,8.9,7.5,9.1,7.3,6.4,6.1,4.8,5.7
017:(01/17),4.4,4.1,4.2,3.9,3.8,3.4,3.4,3.6,5.3,7.5,8.9,9.8,11.8,10.9,8.3,8.0,7.8,7.8,7.1,6.7,6.9,7.0,6.4,5.6,6.5
018:(01/18),5.5,5.2,4.5,4.2,4.2,4.2,4.5,4.6,5.3,6.2,7.8,8.2,9.1,6.8,6.6,6.1,5.0,4.8,4.9,6.2,6.4,6.4,6.7,6.3,5.8
019:(01/19),4.9,5.3,5.3,5.0,4.0,4.9,4.6,5.0,6.0,7.8,9.2,10.3,11.7,11.6,11.3,10.8,10.3,10.2,9.4,9.5,9.3,8.9,8.6,8.3,8.0
020:(01/20),6.2,5.0,3.9,3.9,3.9,3.8,3.6,3.7,4.5,6.3,8.4,9.5,10.8,12.2,11.9,12.1,11.6,11.0,10.1,9.5,9.0,8.4,7.2,6.6,7.6
021:(01/21),6.2,6.0,5.2,4.5,4.4,4.0,3.9,4.3,5.3,6.5,7.1,7.5,7.3,6.4,6.0,5.4,5.3,5.1,5.1,4.5,3.9,4.4,4.3,4.3,5.3
022:(01/22),4.4,4.9,5.5,5.6,5.5,5.8,6.2,7.5,8.5,8.8,8.9,9.1,9.2,9.9,10.0,9.8,10.0,9.5,8.6,7.6,6.9,6.4,5.9,5.2,7.5
023:(01/23),5.0,4.9,4.7,4.3,4.0,3.8,3.4,3.6,4.3,5.6,6.4,7.1,6.9,6.5,6.3,5.7,5.2,4.3,3.8,3.2,3.2,2.9,2.3,1.7,4.5
024:(01/24),1.3,1.3,1.2,0.7,0.2,0.3,1.0,1.0,2.0,3.8,4.8,6.1,6.3,6.6,6.3,6.4,6.5,6.7,7.2,7.7,7.8,8.0,6.6,4.7,4.4
025:(01/25),4.5,4.3,3.8,3.0,3.3,3.2,3.6,3.6,4.7,6.8,8.6,10.4,12.4,12.9,13.2,13.0,12.7,12.1,11.1,10.2,9.5,8.8,8.3,7.6,8.0
026:(01/26),7.2,6.9,6.7,6.4,6.1,5.5,5.0,5.3,6.5,7.8,8.8,10.0,10.2,10.3,9.4,8.9,7.9,7.0,6.4,6.1,5.8,5.4,4.7,4.4,7.0
027:(01/27),4.0,3.9,3.6,3.7,3.2,3.3,3.8,4.3,5.3,6.8,7.0,7.9,9.0,9.4,9.3,9.0,8.7,7.9,7.7,7.1,6.2,5.8,5.0,4.8,6.1
028:(01/28),4.5,4.1,3.6,3.2,3.2,3.9,3.5,4.2,5.0,6.0,7.0,7.2,7.6,7.8,7.3,6.9,5.7,4.9,4.5,4.0,3.4,2.6,2.7,2.4,4.8
029:(01/29),2.2,2.2,2.2,2.2,1.8,1.8,0.7,2.0,4.2,5.6,6.9,7.7,8.7,8.6,8.1,8.2,7.6,7.1,6.6,7.1,6.2,5.3,4.6,4.3,5.1
030:(01/30),3.6,3.4,3.1,2.7,2.8,2.7,1.8,2.7,4.5,6.1,7.1,8.0,8.5,8.8,8.5,8.6,8.2,7.1,6.2,5.7,5.3,4.9,4.7,4.3,5.4
031:(01/31),3.9,2.8,2.7,3.0,3.0,2.9,2.4,3.2,5.0,6.7,8.1,9.1,9.7,10.5,9.6,9.6,9.1,7.9,7.6,7.4,6.9,7.1,6.3,5.6,6.3
032:(02/01),5.1,5.0,4.6,4.1,2.7,2.8,2.3,3.5,4.5,7.3,8.6,9.4,10.4,10.3,10.3,10.3,10.0,9.4,7.8,6.9,6.3,5.6,4.9,4.5,6.5
033:(02/02),4.4,4.2,4.0,3.7,2.9,3.0,3.4,4.1,5.6,7.2,8.0,8.8,9.4,9.0,8.6,8.1,7.6,6.8,6.2,5.2,4.7,3.8,3.5,3.2,5.6
034:(02/03),3.2,2.2,2.7,2.8,2.7,2.8,2.6,3.3,5.0,7.1,7.9,8.7,8.9,9.9,9.5,9.1,8.6,7.8,8.0,6.9,6.5,5.6,5.0,4.7,5.9
035:(02/04),4.8,4.5,4.2,4.2,4.1,4.0,3.8,3.5,4.8,5.9,7.6,9.2,9.9,10.4,10.3,10.0,9.6,9.9,8.6,7.0,6.7,5.8,5.6,5.4,6.7
036:(02/05),4.4,3.7,3.2,3.4,2.5,2.3,3.1,3.6,5.7,6.8,7.9,8.8,8.7,9.6,8.6,8.0,7.3,6.5,5.4,4.5,3.9,3.7,3.5,3.5,5.4
037:(02/06),3.4,3.6,2.3,2.4,2.6,3.0,2.1,2.5,3.8,5.8,7.1,8.4,9.1,9.1,9.3,9.0,8.7,8.4,8.7,8.2,8.4,7.3,6.2,5.9,6.1
038:(02/07),5.7,4.7,3.7,3.5,3.6,3.5,4.1,4.5,5.2,7.2,8.6,9.6,10.7,10.5,10.5,10.6,9.8,9.0,8.4,7.8,7.2,6.6,6.2,5.9,7.0
039:(02/08),4.9,3.4,4.2,4.2,4.2,3.8,3.4,3.9,5.2,6.7,8.0,10.4,9.0,9.2,8.1,7.4,6.8,5.6,4.9,4.2,3.8,3.7,3.2,3.0,5.5
040:(02/09),2.8,2.7,2.8,1.9,2.4,2.7,3.3,4.0,5.4,6.6,7.4,8.3,9.1,9.2,8.9,8.9,9.0,9.2,8.7,8.4,8.1,8.1,7.0,5.0,6.2
041:(02/10),4.3,3.4,3.6,3.8,3.9,4.2,4.1,4.5,4.9,5.2,6.0,6.7,6.9,7.0,6.3,6.0,5.8,5.4,5.1,5.2,5.5,5.6,5.5,4.5,5.1
042:(02/11),3.1,4.7,3.5,3.2,4.5,6.3,7.2,7.7,9.6,11.3,12.5,13.0,13.9,13.5,13.0,12.9,12.8,11.8,11.5,11.3,9.8,9.1,8.4,8.4,9.3
043:(02/12),7.9,6.7,5.5,5.4,4.6,4.4,4.6,5.6,7.1,8.1,9.2,10.0,10.6,10.9,11.2,10.8,10.7,9.6,9.4,8.1,7.2,6.7,6.5,6.5,7.8
044:(02/13),6.0,5.0,4.8,4.4,4.2,4.1,4.2,4.7,6.1,7.4,8.3,9.3,10.0,10.3,10.7,10.8,10.4,9.9,9.0,8.5,7.8,7.4,6.8,6.9,7.4
045:(02/14),6.6,5.5,4.8,4.3,3.4,3.4,2.6,3.3,4.9,6.9,9.0,9.4,10.9,12.3,12.0,12.3,11.5,11.5,11.3,10.7,10.2,9.9,9.7,9.6,8.2
046:(02/15),9.2,8.3,7.8,7.3,6.8,6.5,5.7,5.2,5.6,5.8,6.2,6.6,6.3,6.9,6.9,7.0,6.9,7.1,7.1,7.5,8.6,12.2,12.7,9.9,7.5
047:(02/16),9.8,9.8,11.8,13.4,9.8,9.5,9.7,11.5,12.1,14.2,14.2,14.3,13.9,14.1,14.1,13.0,12.0,11.2,10.5,9.9,9.2,8.1,7.5,7.4,11.3
048:(02/17),7.0,7.0,7.3,7.0,6.9,6.6,6.3,6.5,7.4,8.2,8.5,8.6,8.6,8.4,7.9,7.0,6.3,5.2,4.7,4.6,3.9,3.6,3.7,3.5,6.4
049:(02/18),3.2,2.7,3.1,2.7,2.5,2.4,2.2,3.3,4.3,5.6,6.5,6.9,7.3,7.4,7.0,6.8,6.7,6.3,6.0,5.7,5.5,5.4,5.1,4.4,5.0
050:(02/19),5.1,5.2,5.0,3.4,1.8,1.4,1.3,2.1,2.9,5.1,7.3,7.6,8.8,8.8,8.2,8.1,6.9,6.0,5.5,4.8,4.3,4.1,3.5,3.1,5.0
051:(02/20),2.9,3.1,2.7,2.5,2.7,1.9,2.4,2.9,3.9,4.8,5.5,6.0,6.4,7.3,7.2,7.4,4.8,4.1,5.1,5.5,4.6,4.2,3.7,3.5,4.4
052:(02/21),3.3,2.5,2.3,1.3,0.7,0.6,3.3,3.7,5.3,7.1,8.2,9.1,9.4,9.7,9.9,9.5,9.2,8.6,7.1,6.3,5.7,5.2,4.8,4.4,5.7
053:(02/22),4.0,3.7,3.3,3.4,1.5,2.4,3.1,4.1,5.3,5.9,7.9,8.2,7.9,8.6,8.1,7.8,7.0,6.3,5.6,5.6,5.5,5.3,5.4,5.4,5.5
054:(02/23),5.2,4.5,3.8,4.4,3.0,3.0,2.8,3.4,4.6,5.3,5.8,6.8,7.0,7.0,6.7,6.2,5.6,5.1,4.5,4.3,3.6,3.1,2.8,1.6,4.6
055:(02/24),1.1,1.8,2.0,0.8,0.5,0.4,0.2,2.0,2.8,3.5,4.6,5.9,6.3,6.2,5.5,5.7,5.8,5.6,5.1,4.1,3.6,2.8,2.2,1.7,3.3
056:(02/25),1.1,0.9,0.4,-0.4,-0.5,0.0,0.2,2.1,3.5,5.3,6.6,7.2,8.0,9.1,8.5,8.2,7.5,6.2,5.2,4.9,4.2,4.0,3.6,3.7,4.1
057:(02/26),3.4,3.0,3.1,2.0,0.9,0.2,1.9,4.1,6.3,7.6,8.8,9.7,10.6,11.1,11.1,11.3,10.6,9.5,8.3,8.3,8.6,7.7,7.0,6.3,6.7
058:(02/27),5.7,5.3,5.1,4.8,4.1,3.5,3.6,5.0,6.7,8.3,9.1,10.5,10.6,11.6,11.4,11.3,11.2,11.0,10.8,10.8,10.5,10.2,10.3,10.0,8.4
059:(02/28),9.8,8.6,7.5,6.8,7.6,7.4,7.8,13.0,14.4,14.8,14.9,15.1,16.3,16.0,15.5,15.8,16.1,16.1,15.6,14.7,13.0,12.0,11.2,10.4,12.5
060:(03/01),9.7,9.0,8.7,7.9,5.8,4.9,5.5,5.4,5.3,5.7,5.6,5.6,7.2,10.3,12.4,13.5,11.4,11.3,10.8,10.0,9.2,8.8,7.8,7.2,8.3
061:(03/02),7.2,6.7,6.3,6.3,5.2,5.1,5.4,5.9,7.8,8.7,9.4,10.3,10.3,10.0,9.9,9.8,9.4,8.4,7.3,6.1,5.4,4.7,4.3,4.2,7.3
062:(03/03),4.3,4.2,3.9,3.8,2.9,3.3,3.9,4.7,6.7,6.4,8.2,8.6,8.9,8.8,8.1,7.8,7.0,6.5,5.8,5.6,5.0,4.5,4.3,3.8,5.7
063:(03/04),3.1,3.2,3.5,3.3,2.0,2.0,2.8,4.8,6.5,8.0,9.2,10.1,10.4,10.8,10.7,10.5,10.8,8.8,8.3,8.4,7.7,6.7,6.0,5.8,6.8
064:(03/05),5.0,5.1,5.0,4.6,3.6,3.0,3.2,3.7,4.4,4.8,5.9,6.5,7.6,6.7,6.5,6.4,5.9,4.7,4.0,3.2,3.0,2.6,2.6,2.6,4.6
065:(03/06),2.4,2.3,2.1,1.6,0.9,1.1,1.8,4.0,5.0,6.9,7.3,8.7,10.2,9.5,8.0,9.0,8.7,8.0,7.9,8.0,7.7,7.6,6.9,5.1,5.9
066:(03/07),3.9,3.1,2.8,2.9,2.9,2.9,3.4,5.0,6.8,7.1,8.6,9.3,10.6,10.1,10.2,10.4,9.5,9.0,8.2,7.5,6.5,6.0,5.5,4.5,6.5
067:(03/08),3.9,3.6,3.2,2.9,2.8,2.9,3.1,3.1,3.7,4.0,4.8,5.1,5.5,6.1,6.1,6.4,6.3,6.8,6.8,7.3,7.7,7.6,7.3,6.9,5.2
068:(03/09),6.9,5.9,4.6,6.6,5.9,5.2,6.5,7.9,9.4,10.3,11.3,12.2,12.2,12.1,11.4,11.0,10.5,9.6,9.1,8.3,7.7,7.0,6.3,6.0,8.5
069:(03/10),5.7,5.0,4.9,4.6,4.2,4.0,4.8,5.8,6.8,8.0,9.3,9.9,10.5,10.8,10.7,10.6,10.5,9.9,9.0,8.2,7.8,7.9,7.2,6.8,7.6
070:(03/11),6.3,6.3,5.3,5.3,4.9,4.6,4.0,5.4,6.3,8.4,8.8,9.9,11.1,10.7,12.3,11.9,11.9,11.1,10.6,10.2,9.3,8.2,7.6,7.4,8.2
071:(03/12),6.8,6.2,5.4,4.9,4.2,3.7,3.6,4.2,5.5,6.1,7.2,7.6,8.9,8.2,7.5,7.6,7.3,5.9,5.3,4.7,4.4,4.1,4.3,4.0,5.7
072:(03/13),3.7,3.1,3.0,2.8,2.6,2.8,3.4,3.7,5.0,5.5,8.5,8.9,10.4,10.8,11.1,10.7,10.6,10.0,10.0,10.1,9.8,9.3,8.7,7.5,7.2
073:(03/14),6.3,5.7,5.9,5.7,5.6,5.1,5.3,6.5,8.0,10.2,12.0,13.3,14.0,14.4,14.4,14.3,13.4,12.7,12.2,12.0,11.8,11.4,11.4,11.5,10.1
074:(03/15),11.5,10.6,10.6,9.7,9.5,9.3,9.0,9.2,8.3,9.0,9.5,9.6,9.5,9.4,9.0,8.6,8.7,8.5,8.4,7.7,7.1,6.8,7.3,8.4,9.0
075:(03/16),9.5,9.7,9.6,9.3,8.7,8.1,8.5,8.9,10.1,12.7,14.6,15.9,16.1,15.8,15.2,15.0,14.9,14.0,13.4,12.4,12.4,12.5,12.4,12.5,12.2
076:(03/17),12.3,12.3,11.8,11.8,12.8,12.4,11.9,11.9,12.9,12.5,12.7,10.9,10.2,10.8,11.6,12.3,12.9,12.9,12.1,11.6,10.9,11.7,12.9,12.8,12.0
077:(03/18),12.2,9.9,12.2,11.9,12.7,12.3,12.0,12.6,12.5,13.1,14.5,14.3,13.6,12.8,12.4,11.5,10.6,9.8,8.4,7.5,6.8,6.3,6.0,5.7,10.9
078:(03/19),5.6,5.4,5.1,5.1,5.0,5.1,5.5,5.8,7.2,8.2,8.3,9.1,9.9,9.0,9.6,9.9,9.6,9.4,9.5,9.1,8.8,9.1,7.7,7.0,7.7
079:(03/20),6.3,5.9,5.6,5.0,5.0,4.9,4.9,5.2,6.6,7.9,8.8,9.3,9.9,8.9,8.8,8.9,8.8,8.3,8.2,8.2,8.2,8.2,8.5,8.1,7.4
080:(03/21),7.6,7.5,6.8,6.5,6.3,5.8,6.6,8.0,9.3,11.0,11.5,13.7,14.7,14.3,14.4,14.8,14.5,13.8,12.9,12.7,11.8,11.6,11.5,11.4,10.8
081:(03/22),11.0,9.6,9.2,9.1,9.0,8.8,9.2,9.3,9.8,9.9,10.4,10.9,11.1,12.4,13.9,15.5,16.3,15.4,15.5,14.3,13.5,12.5,11.6,11.0,11.6
082:(03/23),10.5,10.0,9.7,9.6,9.8,9.3,8.2,8.2,9.7,11.0,11.4,12.3,12.3,12.5,12.0,11.2,11.0,9.9,9.5,9.3,8.9,8.1,7.5,6.7,9.9
083:(03/24),6.2,5.7,5.7,5.7,5.4,5.1,5.2,6.3,7.7,8.9,9.2,10.4,10.9,9.5,9.9,9.6,9.2,8.9,8.9,8.4,8.3,8.5,8.5,7.9,7.9
084:(03/25),7.6,7.4,7.1,7.1,6.3,6.3,6.4,6.8,6.7,7.2,7.4,8.0,8.8,10.0,11.0,12.3,12.0,11.9,11.8,11.9,12.2,12.0,12.0,11.3,9.2
085:(03/26),11.0,10.7,10.5,10.5,10.7,11.0,10.6,10.5,10.7,12.2,13.3,14.7,14.2,14.7,15.0,15.2,14.9,14.2,13.2,12.6,12.3,11.5,11.7,10.9,12.4
086:(03/27),9.9,9.3,9.1,8.2,8.3,7.6,8.0,8.2,8.3,9.2,10.7,12.0,12.5,13.3,14.2,14.3,14.2,13.3,12.8,12.3,11.7,11.0,10.5,10.5,10.8
087:(03/28),10.5,10.1,10.0,9.5,9.0,8.9,9.7,11.0,12.2,13.9,14.6,15.5,16.2,15.7,15.8,14.8,13.3,11.8,10.9,10.2,10.4,9.9,9.7,9.5,11.8
088:(03/29),9.2,8.8,8.3,8.0,8.2,7.9,7.7,8.9,9.3,10.8,11.7,11.3,12.2,12.3,12.8,12.8,12.7,11.9,11.3,10.9,11.2,11.3,11.1,11.4,10.5
089:(03/30),11.7,12.2,12.1,11.3,10.5,9.5,9.3,9.7,10.9,13.7,14.1,14.1,14.0,14.8,17.0,17.7,17.9,18.1,18.0,12.9,16.0,17.5,18.2,18.1,14.1
090:(03/31),17.6,17.6,17.7,17.7,13.3,12.4,12.7,15.9,18.1,19.7,20.6,21.1,22.3,22.4,22.6,22.9,20.2,19.8,20.0,17.5,15.9,15.5,14.8,14.5,18.0
091:(04/01),13.9,14.2,13.7,13.2,13.0,12.5,12.0,12.8,13.7,14.4,15.3,16.3,16.8,16.8,16.9,16.4,15.6,14.0,13.0,11.9,10.7,9.4,8.9,8.3,13.5
092:(04/02),8.0,7.7,8.0,8.2,7.3,7.2,7.5,7.8,8.0,8.6,9.4,10.6,11.0,12.0,11.8,12.3,13.2,12.8,12.4,11.8,11.6,11.2,10.9,9.5,10.0
093:(04/03),8.7,7.7,6.9,6.5,6.1,6.1,6.2,6.6,8.8,10.0,10.9,11.8,12.9,12.3,11.9,12.0,11.4,10.7,10.0,9.2,8.8,8.5,7.6,7.1,9.1
094:(04/04),7.2,6.7,6.4,6.1,5.9,5.2,5.2,6.9,9.2,11.5,12.4,14.0,15.2,15.1,15.2,15.0,14.7,13.8,13.2,12.6,12.3,11.0,11.4,11.4,10.7
095:(04/05),11.1,10.7,9.7,8.6,8.3,8.1,9.1,10.3,12.0,13.5,14.8,15.3,16.7,17.2,17.5,17.0,16.4,15.6,14.6,14.5,14.3,14.1,14.1,13.7,13.2
096:(04/06),12.7,11.6,10.5,10.2,9.7,11.0,11.6,13.1,14.6,16.2,18.0,17.1,16.4,18.1,17.6,16.5,15.9,15.6,15.6,15.4,15.4,15.4,15.5,15.4,14.5
097:(04/07),14.9,14.6,13.7,13.1,13.8,13.6,13.6,13.7,13.0,13.8,14.4,15.3,16.9,18.0,18.7,18.4,17.7,16.3,15.4,13.0,13.4,13.3,12.7,12.1,14.7
098:(04/08),11.6,11.4,11.2,11.1,10.8,10.6,11.6,12.2,13.7,14.4,14.9,15.7,17.3,17.5,17.6,16.8,16.1,15.0,14.5,14.1,14.1,14.1,14.0,14.4,13.9
099:(04/09),14.7,13.6,13.5,11.9,11.9,12.0,12.5,13.4,15.7,18.0,19.9,20.6,19.5,18.6,17.7,17.3,16.4,15.3,14.5,14.4,14.0,13.4,13.0,13.0,15.2
100:(04/10),13.0,12.6,11.9,11.9,13.0,12.4,13.1,14.0,15.4,16.1,16.9,17.4,17.2,17.1,17.4,16.1,14.8,14.2,13.7,13.3,13.3,13.1,12.0,11.9,14.2
101:(04/11),11.3,9.8,9.4,8.5,8.5,8.5,9.0,9.9,11.0,11.2,11.4,11.8,12.4,12.1,12.5,12.6,13.1,12.8,12.8,12.9,12.6,12.7,10.9,9.9,11.2
102:(04/12),9.2,9.0,9.0,9.2,9.3,9.7,10.4,11.1,11.8,12.0,11.3,10.8,12.7,15.6,17.6,18.9,18.5,16.7,14.5,13.0,12.4,12.0,11.3,10.4,12.4
103:(04/13),10.1,11.0,10.3,10.3,10.3,10.5,11.5,13.1,14.5,15.4,15.6,15.9,16.6,17.0,16.8,16.8,17.1,16.4,15.3,14.7,14.4,14.2,12.8,13.3,13.9
104:(04/14),12.8,12.8,12.4,11.9,11.7,11.7,11.4,11.8,12.8,12.1,13.3,13.1,12.2,13.8,13.5,13.8,14.0,13.7,12.4,12.1,12.3,12.4,12.5,12.1,12.6
105:(04/15),11.0,10.6,10.1,10.6,10.8,11.2,12.1,14.3,16.0,17.1,18.0,17.5,18.5,18.1,17.0,16.8,16.4,15.3,14.2,13.7,13.0,12.7,12.4,12.2,14.2
106:(04/16),12.1,12.0,12.0,11.8,11.4,11.4,11.8,12.2,13.0,13.7,14.8,16.1,15.7,15.1,14.5,14.1,14.1,14.0,14.0,13.6,13.6,13.7,13.7,13.4,13.4
107:(04/17),13.2,13.4,13.7,13.9,13.4,13.5,13.6,14.4,16.4,18.4,20.1,21.3,22.8,23.0,22.8,22.7,20.8,19.1,18.4,17.8,16.9,16.8,16.4,16.7,17.5
108:(04/18),16.3,15.9,15.5,15.1,14.5,13.9,14.2,15.5,16.8,17.6,17.4,17.8,18.3,17.6,17.1,16.4,15.4,14.7,14.8,14.3,14.5,14.0,14.0,13.8,15.6
109:(04/19),13.8,13.0,13.0,12.8,12.9,12.7,13.0,13.3,13.8,16.6,21.8,24.0,24.2,24.7,23.6,23.9,23.3,22.5,21.3,17.6,16.2,14.2,13.0,12.1,17.4
110:(04/20),10.8,10.1,9.8,9.9,10.2,10.2,11.4,12.8,13.9,15.1,16.4,17.6,18.3,19.0,18.5,17.6,17.9,17.0,15.9,15.2,15.1,14.0,13.4,12.9,14.3
111:(04/21),12.4,12.0,11.5,10.7,10.0,9.9,11.0,12.7,14.5,16.5,18.1,19.6,20.8,19.9,19.7,19.3,18.8,18.6,18.0,17.3,17.0,16.9,16.9,16.8,15.8
112:(04/22),16.8,16.8,16.8,17.0,17.1,17.0,17.1,17.9,17.8,16.5,16.5,17.0,17.3,18.6,18.8,17.7,18.0,17.4,17.1,17.8,18.5,18.5,18.0,17.7,17.5
113:(04/23),19.0,20.2,21.1,21.7,21.2,21.5,21.1,22.4,22.1,22.2,22.0,23.7,24.8,24.1,24.3,21.7,21.6,21.6,21.2,20.4,19.3,20.0,19.3,18.9,21.5
114:(04/24),18.2,18.1,16.8,16.0,15.6,15.4,16.1,17.3,18.6,19.3,20.7,21.0,21.5,21.0,19.7,19.3,18.5,17.1,16.7,16.2,15.9,15.5,15.7,15.6,17.7
115:(04/25),15.6,15.8,15.5,15.3,15.2,15.2,13.8,13.4,13.7,14.5,15.6,16.0,16.1,16.3,16.7,15.8,15.9,15.7,15.4,15.5,15.3,15.1,14.7,14.5,15.3
116:(04/26),14.2,14.1,13.7,13.6,13.8,14.3,14.9,15.3,16.7,18.3,19.8,21.3,22.8,22.7,23.3,23.0,22.3,18.5,17.1,16.9,16.3,17.0,16.2,16.2,17.6
117:(04/27),15.5,15.6,15.3,15.2,14.5,14.0,15.4,18.4,20.2,21.6,22.6,22.4,22.9,23.3,22.9,21.7,21.0,20.8,20.2,19.8,19.5,19.4,19.4,19.1,19.2
118:(04/28),18.7,18.4,17.9,17.9,17.9,17.9,18.7,19.2,19.5,20.1,20.5,20.4,21.1,20.9,20.5,19.8,19.2,18.8,18.2,18.1,17.9,17.4,17.4,17.2,18.9
119:(04/29),16.6,16.4,16.3,16.0,15.8,16.5,17.0,17.7,18.9,19.4,19.8,21.0,21.1,20.9,20.5,19.9,18.7,18.1,17.6,17.0,16.6,16.3,16.2,16.2,17.9
120:(04/30),16.1,16.1,16.1,16.0,16.0,15.6,15.7,15.6,16.1,16.7,17.5,19.0,20.2,20.9,21.8,21.8,20.5,20.1,19.5,18.6,17.6,17.3,17.4,17.3,17.9
121:(05/01),16.5,15.8,15.4,14.7,13.9,12.5,12.4,12.8,13.4,13.8,14.4,15.1,15.9,16.6,16.8,17.0,16.1,15.3,14.3,13.3,12.8,12.4,12.3,12.1,14.4
122:(05/02),12.0,12.0,11.9,11.9,11.0,11.3,11.2,11.5,11.4,11.9,12.8,13.0,13.0,12.8,12.8,12.8,12.0,11.9,11.9,11.5,11.6,11.6,11.5,11.6,12.0
123:(05/03),11.7,11.6,11.5,11.6,11.9,11.9,12.4,13.0,14.0,14.6,15.1,14.7,14.6,15.1,15.3,15.8,15.5,15.3,15.0,14.8,14.5,14.3,14.2,13.7,13.8
124:(05/04),13.8,14.0,13.9,14.2,14.4,14.7,15.0,15.7,17.4,19.7,22.0,21.7,22.5,22.4,22.3,19.8,19.2,19.2,19.4,19.4,19.7,19.9,20.1,20.6,18.4
125:(05/05),20.9,20.8,20.4,20.6,20.6,20.9,21.2,21.2,22.2,23.3,23.7,23.1,22.5,23.3,23.4,22.6,21.3,20.6,20.1,19.9,19.1,17.1,16.8,15.5,20.9
126:(05/06),14.5,15.2,14.7,13.6,13.9,15.2,15.2,15.8,17.6,18.6,20.0,20.7,21.8,22.1,21.7,21.8,19.3,18.5,18.3,17.9,17.7,17.6,17.1,16.0,17.7
127:(05/07),15.4,15.2,14.3,14.3,14.1,15.0,16.3,18.9,20.6,21.6,22.8,23.9,24.5,24.5,24.8,24.8,24.0,23.3,22.4,21.7,21.3,21.2,20.7,20.3,20.2
128:(05/08),19.7,19.3,17.6,17.7,17.1,17.6,19.4,19.9,21.7,23.8,25.5,26.6,26.6,26.7,26.1,25.6,24.4,23.4,23.3,23.0,23.6,22.4,20.8,20.2,22.2
129:(05/09),19.3,18.5,18.1,18.0,17.2,17.0,17.8,19.2,20.3,21.2,22.3,23.2,22.6,20.7,20.0,20.3,20.2,19.8,19.1,18.2,17.4,17.0,17.0,16.9,19.2
130:(05/10),16.8,16.9,16.7,16.3,15.7,16.2,17.4,18.6,19.8,21.4,22.1,22.8,22.8,23.1,22.6,22.3,21.8,21.2,20.9,20.8,20.4,20.2,20.0,19.8,19.9
131:(05/11),19.4,19.1,18.9,18.7,18.5,18.9,19.2,20.1,20.8,22.2,22.1,22.8,22.3,21.1,20.6,19.4,19.0,19.1,18.4,17.7,16.4,16.1,16.0,16.0,19.3
132:(05/12),15.7,15.8,15.9,16.1,15.9,16.0,16.0,16.6,16.8,16.7,16.6,16.8,18.6,19.8,19.1,19.6,20.3,20.6,20.5,19.9,18.1,19.4,19.0,18.7,17.9
133:(05/13),16.2,14.9,16.1,16.4,16.2,16.2,17.0,18.2,20.5,21.9,22.0,22.6,22.5,22.4,21.6,22.1,22.0,21.1,20.0,19.5,19.2,18.9,18.9,18.8,19.4
134:(05/14),18.7,18.2,18.0,17.4,17.2,17.4,18.4,19.1,21.0,22.4,23.6,24.4,25.3,23.4,22.3,21.9,22.2,20.3,17.9,16.6,16.2,16.0,15.9,16.1,19.6
135:(05/15),16.1,16.1,15.6,15.7,15.8,15.8,16.1,16.4,16.6,17.5,17.9,18.7,19.2,19.7,19.5,19.5,19.5,19.4,19.3,19.8,19.8,20.0,21.1,21.1,18.2
136:(05/16),20.7,20.8,21.0,21.2,21.0,21.0,22.2,23.6,25.0,26.7,27.4,28.4,27.3,26.8,27.0,26.8,26.9,26.6,26.9,26.6,25.5,24.4,23.5,22.7,24.6
137:(05/17),21.8,21.2,20.8,20.0,19.4,19.2,20.6,21.5,22.6,23.9,25.1,23.8,24.0,23.3,22.8,21.5,20.0,18.5,18.4,18.2,17.6,15.6,15.5,14.8,20.4
138:(05/18),13.9,13.4,13.9,13.1,13.3,12.8,12.8,13.5,14.1,15.5,16.5,16.6,17.7,19.0,19.3,19.5,19.2,19.0,18.4,18.3,18.0,17.7,17.7,17.6,16.3
139:(05/19),17.3,17.2,18.0,16.1,16.3,16.6,17.2,17.8,19.2,20.3,21.6,22.3,23.7,23.4,23.3,22.7,22.1,21.6,19.3,18.2,17.7,17.6,17.5,15.8,19.3
140:(05/20),15.7,15.7,16.1,15.8,15.8,15.2,14.8,15.4,16.2,16.4,17.2,17.0,18.6,18.8,18.6,18.9,18.8,17.6,17.3,16.8,16.3,16.2,15.9,15.3,16.7
141:(05/21),14.6,14.1,15.5,14.6,13.7,14.7,15.7,17.8,18.8,19.8,19.8,20.9,21.7,21.3,21.1,20.8,20.3,19.5,19.0,18.9,18.6,18.5,18.3,18.0,18.2
142:(05/22),18.0,17.8,17.8,17.6,17.2,17.2,17.2,17.4,18.3,18.9,20.3,21.4,21.9,22.6,22.5,22.3,22.5,21.9,20.9,20.6,20.3,19.6,19.0,18.3,19.6
143:(05/23),17.7,17.4,17.5,16.8,16.8,18.4,19.5,20.8,22.3,24.1,26.0,26.9,27.1,27.0,26.8,26.6,25.8,24.1,22.9,22.5,21.8,22.0,21.3,20.5,22.2
144:(05/24),20.1,19.3,18.6,18.7,18.8,19.3,20.2,21.8,24.0,25.0,25.9,26.7,28.1,27.8,27.3,27.0,25.7,24.3,22.9,22.3,21.9,21.5,21.1,20.6,22.9
145:(05/25),20.2,19.9,19.8,19.6,19.1,19.8,20.6,22.6,23.8,25.3,25.1,25.8,25.6,25.3,24.8,24.7,24.3,23.5,22.6,22.2,21.7,21.5,21.4,21.1,22.5
146:(05/26),20.9,20.7,20.8,20.6,20.8,21.2,21.8,22.7,23.5,24.0,24.2,23.7,24.2,23.7,23.3,22.8,20.6,21.0,21.1,21.1,21.2,20.8,20.7,20.9,21.9
147:(05/27),20.8,21.1,21.3,21.5,21.9,22.0,22.1,22.2,22.6,22.8,22.8,23.6,24.9,26.2,26.6,26.4,25.8,25.0,24.7,23.3,22.7,22.2,21.4,21.2,23.1
148:(05/28),20.8,19.8,19.5,18.5,17.7,17.4,16.6,16.9,17.6,18.2,19.3,20.2,20.7,21.3,21.5,21.9,21.5,21.0,20.3,19.9,19.7,19.5,19.4,19.4,19.5
149:(05/29),18.8,18.5,18.4,18.4,18.1,18.3,19.4,20.6,21.3,22.1,23.8,24.3,26.0,25.5,24.2,23.9,23.5,23.3,22.6,22.3,21.9,21.7,21.6,21.0,21.6
150:(05/30),20.3,18.9,17.9,17.6,17.0,17.0,17.6,17.8,18.5,20.8,22.5,23.8,24.5,24.5,23.8,24.3,24.7,23.3,22.4,21.5,21.5,21.3,21.0,21.3,21.0
151:(05/31),21.0,20.4,20.7,20.2,20.3,19.9,20.8,22.0,22.5,23.2,24.7,25.4,26.1,26.1,25.8,25.3,24.7,24.1,24.0,23.1,22.3,21.6,20.8,20.2,22.7
152:(06/01),19.4,18.6,18.1,17.6,17.4,17.5,18.4,19.6,20.4,21.0,21.2,21.5,22.8,22.9,23.0,22.5,22.4,21.5,20.3,18.9,18.2,17.7,17.4,17.4,19.8
153:(06/02),17.2,17.0,17.1,16.6,16.8,16.9,17.1,18.3,18.9,19.4,20.9,21.2,21.1,21.7,21.1,20.9,20.4,19.9,19.6,19.8,19.8,18.7,18.0,18.0,19.0
154:(06/03),18.5,18.7,18.9,18.9,18.3,18.4,18.6,18.5,18.7,20.2,22.3,22.3,24.2,23.6,23.8,23.2,23.0,22.3,21.5,21.0,20.7,20.6,20.5,20.6,20.7
155:(06/04),19.4,18.8,18.5,18.0,17.7,18.4,19.7,21.2,22.0,23.9,24.8,25.6,24.1,22.7,23.3,23.2,23.3,23.1,21.8,20.2,19.5,18.7,18.2,17.9,21.0
156:(06/05),17.7,17.9,18.0,17.9,17.8,18.4,19.3,20.2,21.1,21.0,21.5,21.6,21.8,22.3,22.3,22.3,22.1,21.6,20.3,19.0,17.9,16.8,16.4,16.3,19.6
157:(06/06),16.9,16.8,16.7,16.9,16.6,16.3,16.2,16.6,16.2,16.6,17.3,17.9,17.9,18.3,19.3,20.3,20.1,20.1,19.9,19.6,18.9,17.7,17.5,17.7,17.8
158:(06/07),17.5,17.3,17.1,17.1,16.9,16.7,16.4,17.5,18.1,18.6,18.9,19.9,20.8,20.1,20.4,20.2,20.2,20.3,20.0,19.8,19.6,19.2,19.0,18.9,18.8
159:(06/08),19.0,19.0,18.9,18.8,18.9,19.1,19.9,20.5,20.9,21.6,22.4,22.6,22.6,23.1,22.8,22.4,21.5,20.9,20.6,20.5,20.3,20.5,20.2,20.0,20.7
160:(06/09),20.0,18.6,18.2,17.9,17.5,17.5,17.4,17.2,17.6,17.8,17.6,17.5,17.4,17.3,17.4,17.5,17.9,18.3,18.4,18.2,18.0,17.7,17.7,16.1,17.8
161:(06/10),15.9,15.5,15.4,14.5,14.4,16.4,18.6,20.6,22.3,23.0,24.0,24.7,24.6,24.9,24.1,23.9,22.9,21.1,20.4,19.6,18.9,19.6,19.3,18.9,20.1
162:(06/11),18.6,17.9,17.5,17.4,16.9,17.3,17.9,19.4,21.0,22.5,24.2,24.4,26.1,25.9,25.5,24.5,20.0,19.7,19.8,19.8,20.0,19.5,19.6,19.9,20.6
163:(06/12),19.5,18.7,18.2,18.1,17.8,17.9,18.9,20.1,21.1,21.2,21.9,23.3,23.9,23.2,23.4,23.6,22.6,22.4,22.3,21.8,20.8,20.1,20.0,20.1,20.9
164:(06/13),20.0,20.2,20.2,20.1,20.1,20.4,20.7,21.2,21.5,22.6,22.8,23.0,23.3,23.2,22.3,21.8,21.8,21.3,21.4,21.3,20.6,20.5,20.5,20.1,21.3
165:(06/14),19.8,19.6,19.7,19.5,19.5,19.6,20.2,20.7,21.0,21.5,21.9,22.9,23.8,25.2,25.5,25.1,25.5,24.9,23.5,23.3,22.8,22.7,22.6,22.4,22.2
166:(06/15),22.7,22.3,22.1,21.8,21.6,22.1,23.4,25.0,26.8,27.0,27.4,28.2,29.2,29.3,28.6,27.6,26.6,25.6,24.6,24.6,24.8,24.9,24.8,24.8,25.2
167:(06/16),24.0,24.0,23.8,23.3,23.4,23.8,25.1,27.4,28.1,29.2,30.3,31.0,31.0,31.9,30.5,30.1,29.4,28.3,27.8,27.0,26.5,26.3,26.1,24.7,27.2
168:(06/17),24.7,24.2,24.4,24.3,24.3,24.5,24.9,25.6,26.8,28.2,28.2,28.7,28.8,29.5,28.8,28.4,28.8,27.2,25.9,25.3,24.6,23.7,23.2,22.9,26.1
169:(06/18),22.8,22.0,21.4,20.9,20.6,21.3,22.0,23.4,23.9,24.3,24.8,25.3,25.8,26.1,26.2,25.3,24.3,24.1,23.6,22.7,22.2,21.7,21.6,21.1,23.2
170:(06/19),21.6,21.5,21.4,21.5,21.4,21.9,22.1,21.9,22.2,22.4,21.4,21.2,21.4,21.8,22.6,22.5,22.1,22.4,22.5,22.8,22.8,23.3,22.8,22.2,22.1
171:(06/20),22.2,22.0,21.8,21.9,21.8,22.0,22.2,22.5,24.5,24.4,25.0,25.7,26.7,25.5,26.2,26.1,25.9,25.8,25.2,24.7,24.0,23.5,23.0,22.2,24.0
172:(06/21),21.8,21.3,20.8,20.7,20.8,21.0,22.1,23.0,24.9,26.0,26.4,26.9,27.0,25.1,20.5,22.1,22.9,23.3,21.9,22.4,21.6,21.2,21.1,20.2,22.7
173:(06/22),20.1,20.3,20.2,19.8,19.9,20.3,21.0,21.9,22.9,24.1,24.6,24.9,25.7,26.0,25.8,26.1,25.7,25.4,24.4,23.7,22.8,22.3,22.2,22.0,23.0
174:(06/23),22.1,22.4,21.6,21.0,20.9,20.6,20.7,20.1,20.6,19.9,20.0,20.1,20.2,20.0,20.0,20.1,20.0,19.9,20.0,19.9,19.8,19.6,19.5,19.5,20.4
175:(06/24),19.3,19.3,19.4,19.5,19.5,19.9,20.4,20.9,21.7,22.4,22.4,23.0,23.7,23.7,24.5,24.7,24.3,23.6,22.6,21.5,21.1,20.9,20.7,20.8,21.7
176:(06/25),20.6,20.3,20.3,20.6,20.5,20.6,21.0,21.7,23.0,23.9,24.9,24.8,25.8,25.4,25.3,24.9,24.3,23.5,23.0,22.7,22.5,22.5,22.4,22.2,22.8
177:(06/26),22.0,22.0,21.9,21.6,21.8,22.1,22.5,21.8,21.6,21.6,21.7,21.9,22.3,22.5,22.6,22.8,22.7,22.7,23.0,23.1,23.1,22.1,21.7,21.2,22.2
178:(06/27),21.3,20.7,21.3,20.7,20.3,21.6,22.2,23.6,25.5,27.1,26.5,27.6,28.3,29.0,28.7,29.1,28.1,27.5,26.2,25.6,25.4,24.5,23.6,23.8,24.9
179:(06/28),22.6,24.2,23.9,23.8,23.4,23.4,24.6,25.5,26.0,26.4,26.8,27.0,27.1,26.7,26.2,25.6,24.4,23.9,23.4,23.1,23.0,23.0,22.8,22.0,24.5
180:(06/29),21.1,20.5,20.7,20.4,20.3,20.4,20.5,21.3,21.9,22.7,22.6,23.0,21.8,22.3,21.7,21.5,21.1,20.7,20.7,20.7,20.5,20.3,20.1,20.3,21.1
181:(06/30),19.6,18.9,18.9,18.8,18.9,18.7,18.9,19.1,19.4,19.9,20.0,20.6,20.6,19.9,20.5,19.8,19.5,18.9,19.5,19.9,20.3,20.7,21.1,21.7,19.8
182:(07/01),22.3,22.6,23.0,23.6,24.0,25.0,25.0,25.9,26.9,27.5,27.9,29.2,29.9,30.1,30.4,30.1,29.2,28.9,28.2,26.1,25.4,25.3,25.6,25.0,26.5
183:(07/02),25.1,24.4,24.0,23.8,23.8,24.0,25.2,26.3,28.0,30.2,29.8,29.7,30.1,30.5,30.4,30.0,29.1,28.5,27.7,26.7,26.0,26.0,26.1,25.2,27.1
184:(07/03),24.7,24.0,24.7,23.9,23.7,23.8,24.2,25.8,26.5,28.2,29.2,30.3,30.0,29.9,28.6,28.1,26.4,26.1,22.1,21.8,21.5,20.7,20.9,20.9,25.3
185:(07/04),20.9,21.1,20.9,20.5,20.1,20.8,22.3,22.5,23.9,26.0,26.4,27.5,28.5,28.2,28.4,27.8,27.2,25.8,24.9,24.4,24.0,23.9,23.8,23.8,24.3
186:(07/05),23.3,23.1,22.9,22.4,22.0,22.0,22.7,23.3,25.1,25.5,25.0,24.0,24.6,24.3,25.2,25.2,25.3,25.2,25.5,25.6,25.7,25.6,25.7,23.8,24.3
187:(07/06),23.1,23.1,22.3,22.3,22.8,23.9,25.3,27.1,28.6,28.9,29.8,31.0,31.7,30.5,29.2,27.5,27.1,27.3,26.3,25.5,25.5,24.1,23.8,23.6,26.3
188:(07/07),22.8,22.3,22.0,21.4,21.3,21.2,21.3,21.4,21.2,20.9,20.3,21.2,21.6,21.1,21.0,21.0,20.5,19.5,19.0,18.8,18.6,18.2,18.1,17.8,20.5
189:(07/08),17.4,17.4,17.5,17.4,17.4,17.6,18.0,18.3,18.1,19.0,18.8,19.2,19.9,20.2,20.0,19.7,19.1,18.7,18.4,18.3,17.9,17.9,17.7,17.7,18.4
190:(07/09),18.0,17.8,17.8,17.8,17.8,17.8,18.0,18.3,18.7,18.7,18.9,19.3,19.3,19.5,19.4,19.6,19.8,19.9,19.9,19.9,19.7,19.3,18.8,18.5,18.9
191:(07/10),18.7,18.7,19.0,19.3,19.5,19.8,19.9,20.0,20.3,20.5,20.9,21.2,21.7,21.9,22.2,22.3,22.1,21.9,21.2,20.9,20.3,20.3,20.7,20.9,20.6
192:(07/11),22.1,22.6,23.3,23.2,23.6,23.0,24.5,27.8,29.6,31.0,31.8,32.5,32.3,32.4,31.5,31.1,31.2,30.5,29.7,28.4,27.4,27.1,25.7,25.2,27.8
193:(07/12),25.1,24.6,23.9,23.0,22.4,22.8,24.5,25.3,27.1,27.5,29.3,29.7,30.4,30.6,29.9,29.3,29.1,28.3,27.1,26.4,26.1,25.6,25.2,24.4,26.6
194:(07/13),23.9,23.4,22.8,22.5,22.1,22.5,23.7,25.3,26.2,26.5,27.3,28.2,28.4,29.7,28.9,28.8,28.1,27.9,26.7,25.7,25.3,25.2,24.9,25.0,25.8
195:(07/14),24.8,24.5,24.7,24.5,24.0,24.3,25.1,27.0,27.6,28.4,29.9,29.7,29.9,31.7,31.4,31.2,30.3,29.3,29.1,28.4,28.2,27.4,27.2,26.9,27.7
196:(07/15),26.1,26.3,26.4,25.8,25.6,26.1,26.8,27.4,28.6,30.1,30.7,30.9,31.0,31.8,31.0,30.7,28.7,27.8,26.5,26.6,26.5,25.4,25.3,24.8,27.8
197:(07/16),24.8,24.8,24.7,24.5,25.2,25.9,26.2,26.9,28.2,29.1,30.8,31.7,31.8,31.7,31.7,31.1,30.3,30.8,29.8,29.2,28.5,28.3,28.3,27.9,28.4
198:(07/17),27.7,27.4,27.3,27.1,27.0,27.4,28.5,30.0,31.2,32.0,32.7,33.8,34.4,34.3,32.9,32.9,31.8,30.4,30.1,29.2,28.8,28.9,29.0,29.8,30.2
199:(07/18),29.2,28.6,28.4,28.2,28.4,28.3,29.3,30.7,32.3,33.2,33.5,33.9,33.4,34.2,33.5,33.0,32.3,31.2,30.0,30.5,29.7,28.0,28.3,28.1,30.7
200:(07/19),28.2,27.4,26.9,26.7,26.3,26.8,27.9,30.1,30.9,32.3,32.1,32.9,32.7,33.0,32.4,31.5,30.7,29.5,28.3,29.2,28.4,27.4,26.1,25.4,29.3
201:(07/20),25.7,25.3,25.1,24.0,24.0,24.1,24.6,24.5,26.3,28.1,29.2,29.6,29.8,29.8,29.9,29.3,28.9,28.4,27.8,26.3,25.2,24.4,24.0,24.2,26.6
202:(07/21),23.7,23.0,23.1,23.2,23.0,23.1,23.0,23.0,23.0,23.5,23.4,23.7,24.7,25.4,25.4,25.8,26.1,25.2,24.5,23.9,23.4,23.1,22.8,22.8,23.8
203:(07/22),22.7,22.4,22.2,22.2,21.9,22.2,22.2,22.5,23.0,23.9,25.2,26.2,27.5,28.1,28.2,27.5,26.4,25.5,24.6,24.0,24.0,23.7,23.9,23.5,24.3
204:(07/23),23.4,22.5,22.2,22.3,22.2,22.4,22.1,22.3,22.1,21.9,22.2,22.4,23.1,23.1,23.4,23.1,23.1,23.2,23.1,23.1,23.3,22.7,22.6,22.6,22.7
205:(07/24),22.3,22.8,22.9,22.9,22.9,23.0,22.8,23.0,24.9,24.9,26.0,27.6,28.2,28.5,28.4,28.1,28.0,27.7,27.1,27.1,26.1,25.7,25.4,25.1,25.5
206:(07/25),25.1,25.0,25.1,24.6,24.5,24.8,25.1,26.2,27.1,27.9,29.2,30.1,31.1,31.3,31.2,31.1,30.3,29.1,28.0,27.4,27.0,26.6,26.3,26.0,27.5
207:(07/26),25.7,25.8,25.4,25.2,24.6,25.2,26.3,27.5,28.6,29.5,30.3,31.5,31.4,31.1,30.4,30.4,29.6,28.7,28.1,27.7,27.4,27.9,27.8,27.9,28.1
208:(07/27),27.6,27.2,27.0,26.8,26.5,26.6,28.0,29.3,30.4,32.0,32.1,32.8,32.8,32.3,32.3,31.3,29.7,28.9,29.2,29.1,28.6,28.5,28.3,28.0,29.4
209:(07/28),27.9,27.6,27.1,26.6,26.2,26.9,28.1,29.0,30.7,31.5,31.5,32.6,33.0,32.1,31.6,30.4,29.6,28.7,28.1,27.7,27.1,27.4,28.0,27.7,29.0
210:(07/29),27.2,27.3,26.8,27.1,26.6,27.5,28.5,29.2,30.2,31.6,32.7,32.6,32.6,31.8,30.6,30.1,30.3,29.3,29.2,29.0,28.8,28.7,28.1,27.7,29.3
211:(07/30),27.1,27.2,27.1,27.1,27.1,27.2,28.2,28.9,29.6,31.4,31.7,31.6,30.7,30.3,30.7,30.3,29.7,29.4,29.1,28.9,28.8,28.8,28.5,28.1,29.1
212:(07/31),27.9,27.6,27.5,27.3,27.3,27.7,28.3,30.0,31.0,31.7,32.1,32.7,31.8,32.1,31.1,30.5,29.6,29.1,28.7,28.5,28.2,27.9,27.5,26.9,29.3
213:(08/01),26.4,26.1,25.6,25.5,25.1,25.3,26.7,27.7,29.1,30.3,30.7,30.6,30.8,30.6,30.1,29.6,29.6,29.0,28.6,27.7,27.6,27.4,27.3,27.0,28.1
214:(08/02),26.8,26.5,26.3,26.0,25.8,26.8,27.8,29.6,30.4,31.3,32.2,33.1,33.4,33.5,33.0,32.8,32.6,31.0,29.8,29.2,28.0,27.0,26.7,27.0,29.4
215:(08/03),26.6,26.5,26.3,26.2,26.5,26.3,26.5,27.0,27.8,29.0,29.6,31.0,30.3,31.6,31.2,30.6,31.1,29.0,27.8,27.2,28.0,28.1,27.8,28.1,28.3
216:(08/04),27.1,26.5,26.7,26.7,26.3,26.9,27.6,29.2,30.0,31.0,31.6,32.0,32.3,32.5,31.4,32.0,32.0,30.6,29.8,29.5,29.1,29.1,28.5,28.2,29.4
217:(08/05),27.9,27.8,27.4,27.5,27.9,27.8,27.8,26.2,28.1,29.7,29.7,29.4,29.7,29.3,27.4,26.3,26.1,26.2,25.9,24.6,24.7,24.8,24.6,24.6,27.1
218:(08/06),24.4,24.4,24.4,24.4,24.5,24.6,24.8,25.3,27.0,27.0,28.4,28.7,28.3,28.3,28.3,29.3,28.1,28.0,28.1,27.6,27.0,27.1,27.1,26.9,26.8
219:(08/07),26.8,26.4,26.0,25.7,25.8,26.0,26.6,27.7,28.8,29.5,29.3,30.5,31.5,31.8,31.5,32.0,31.5,31.8,29.0,27.1,26.9,26.8,27.0,25.6,28.4
220:(08/08),24.7,25.2,24.6,25.3,25.8,25.6,25.1,25.3,25.9,26.9,28.0,29.2,30.4,30.0,30.4,30.3,30.3,29.5,29.2,28.8,28.5,28.2,28.0,27.8,27.6
221:(08/09),27.9,27.5,27.3,27.2,27.1,27.4,28.4,29.8,31.0,31.4,32.6,33.4,33.4,33.4,32.6,31.7,31.1,30.0,29.2,29.0,29.0,28.7,28.6,28.5,29.8
222:(08/10),28.4,28.3,28.1,28.4,28.4,28.5,29.6,30.7,31.9,31.7,32.6,33.7,34.3,33.4,33.3,33.2,32.3,31.3,30.3,30.1,30.3,30.0,29.5,29.8,30.8
223:(08/11),29.3,29.0,28.7,28.3,27.8,28.2,28.7,28.8,29.5,30.9,31.0,31.7,32.5,31.9,31.8,31.5,30.2,30.2,29.0,27.8,26.9,25.6,25.3,25.2,29.2
224:(08/12),25.1,25.0,25.4,25.7,25.2,25.0,25.0,24.9,26.4,27.4,27.5,28.6,29.0,30.5,30.3,29.7,29.8,29.0,28.5,28.6,28.3,28.3,28.2,27.6,27.5
225:(08/13),27.8,27.4,27.2,27.0,27.0,27.0,27.6,28.1,28.8,30.8,29.9,32.2,31.4,31.0,31.2,31.4,31.1,30.4,30.0,29.1,28.7,29.0,28.1,27.0,29.1
226:(08/14),25.1,24.4,24.2,23.5,23.3,23.1,22.7,22.9,23.0,22.9,22.5,23.2,23.3,23.4,23.5,23.7,23.7,23.5,23.3,22.8,22.4,22.2,22.1,22.1,23.2
227:(08/15),22.0,21.7,21.5,21.3,21.2,21.6,21.6,22.1,21.9,21.4,22.1,22.6,22.4,22.1,23.3,23.4,23.7,23.5,23.2,22.4,22.0,22.0,21.6,21.3,22.2
228:(08/16),21.2,21.1,21.3,21.2,20.4,20.4,21.1,22.1,22.2,22.3,22.7,23.0,22.7,22.8,22.7,22.5,22.0,21.6,21.2,21.1,20.9,21.0,20.7,20.4,21.6
229:(08/17),20.7,20.2,20.0,20.0,19.5,19.9,20.3,20.7,21.5,22.4,23.2,22.6,23.3,23.3,23.4,23.2,23.1,23.0,22.3,21.9,21.7,21.4,21.4,20.9,21.7
230:(08/18),20.8,21.0,21.1,20.5,20.3,20.1,21.4,22.6,23.7,24.8,25.0,25.9,27.4,27.4,28.2,27.6,27.5,27.0,26.3,25.9,25.9,25.7,24.8,25.0,24.4
231:(08/19),24.8,24.5,24.3,23.5,23.4,24.5,25.7,27.3,26.4,27.2,28.0,29.0,29.9,28.9,29.4,28.7,28.9,28.3,28.1,27.0,26.6,26.3,26.0,25.6,26.8
232:(08/20),25.3,25.1,24.7,24.7,24.5,24.5,25.4,26.6,28.4,29.8,30.0,30.3,31.3,31.7,30.9,31.5,30.5,29.4,28.3,28.1,27.6,27.2,27.2,27.1,27.9
233:(08/21),26.6,26.4,26.1,25.7,26.0,26.8,27.1,28.0,29.1,30.4,31.6,32.5,32.4,31.7,32.2,31.2,29.7,28.9,28.3,27.3,26.2,25.9,25.7,25.7,28.4
234:(08/22),25.6,25.0,24.7,24.7,24.6,24.9,25.4,25.7,26.5,27.4,28.8,29.2,30.5,30.4,30.0,30.1,29.7,28.8,28.0,27.7,27.7,28.1,27.6,27.4,27.4
235:(08/23),27.5,27.3,26.9,26.8,26.9,27.0,27.3,28.0,28.3,29.2,30.4,31.8,33.0,33.3,33.4,32.3,28.9,28.3,28.7,25.8,25.3,23.5,24.1,23.8,28.2
236:(08/24),22.2,22.2,22.5,22.4,22.2,23.0,24.0,26.4,28.2,29.2,30.1,31.2,31.1,30.8,30.9,30.4,30.0,29.2,27.4,26.8,27.0,26.8,26.8,26.5,27.0
237:(08/25),26.3,25.6,24.9,24.6,24.6,24.5,24.7,25.2,26.0,26.6,27.8,27.0,26.6,27.5,27.1,27.1,26.9,25.3,24.5,24.2,24.0,23.7,23.5,23.5,25.5
238:(08/26),22.0,22.3,22.3,22.5,22.4,22.1,22.3,22.2,22.9,23.4,24.9,25.1,25.8,26.8,27.0,27.5,27.3,26.1,24.3,24.0,23.8,23.6,23.6,22.4,24.0
239:(08/27),22.9,22.3,21.9,21.8,21.7,22.2,23.2,23.7,25.7,27.4,28.4,29.0,29.2,29.2,29.5,29.5,29.5,29.0,27.8,27.5,27.3,27.1,26.5,26.6,26.2
240:(08/28),26.6,24.7,24.1,24.4,24.4,23.7,25.0,26.2,27.0,28.9,29.9,31.5,30.7,30.9,31.2,31.0,31.0,29.2,28.6,28.0,27.6,26.8,26.6,26.4,27.7
241:(08/29),26.2,26.4,25.1,25.0,25.1,24.7,25.0,26.0,26.6,28.5,30.5,30.4,31.6,31.8,31.0,30.9,30.4,30.1,29.6,28.9,28.3,27.7,27.6,26.4,28.1
242:(08/30),26.1,24.6,24.5,24.3,24.5,24.3,25.3,26.4,27.1,28.7,29.4,31.2,30.7,31.4,31.1,30.7,29.9,29.1,28.7,28.0,27.4,27.0,27.1,26.8,27.7
243:(08/31),26.0,25.8,25.8,25.4,24.8,24.9,25.3,25.6,27.4,28.6,27.9,29.2,29.6,30.3,29.9,29.0,28.4,27.7,27.5,27.3,27.0,27.0,27.1,27.1,27.3
244:(09/01),27.0,27.0,26.7,26.3,26.4,26.8,27.7,28.7,29.8,30.4,31.4,30.8,31.2,31.4,31.0,30.6,29.8,27.8,25.8,25.0,24.7,24.2,24.9,24.7,27.9
245:(09/02),24.6,24.0,23.8,23.6,24.5,24.0,25.4,26.8,27.6,28.9,30.7,31.1,30.4,30.5,29.8,27.1,23.2,22.9,24.1,24.0,24.3,24.3,25.2,25.0,26.1
246:(09/03),24.4,24.2,24.0,23.7,24.0,24.2,24.6,25.1,25.8,28.2,28.8,30.0,29.8,29.8,29.2,28.5,28.4,28.1,27.6,27.3,26.2,25.8,25.5,24.8,26.6
247:(09/04),24.6,24.0,23.7,23.5,23.2,23.6,25.1,25.9,27.6,28.7,29.6,29.7,30.9,30.6,30.5,30.4,29.4,28.9,27.3,26.9,26.5,26.1,25.3,25.0,27.0
248:(09/05),24.3,24.2,24.7,24.7,24.4,23.4,24.3,25.9,27.6,28.7,29.6,30.5,30.4,30.3,29.4,29.0,28.9,28.9,28.2,27.4,27.0,26.4,26.5,26.6,27.1
249:(09/06),26.3,25.8,25.1,25.0,24.5,24.5,25.6,27.3,28.9,30.4,31.5,31.5,32.2,32.3,31.6,31.3,30.4,29.8,29.0,28.5,28.2,28.0,27.8,27.9,28.5
250:(09/07),27.6,27.4,27.2,27.1,26.9,27.0,28.1,29.2,30.4,30.7,31.2,32.4,32.4,32.2,31.8,30.5,29.4,28.6,28.4,28.0,27.8,27.8,27.8,27.6,29.1
251:(09/08),27.3,27.2,26.8,26.0,25.2,25.4,26.1,26.6,27.0,28.2,30.0,31.0,31.1,31.1,30.9,30.5,27.1,27.7,27.5,25.1,25.5,25.5,24.0,24.2,27.4
252:(09/09),24.3,24.4,24.0,23.7,23.8,23.2,24.3,25.6,26.7,28.4,29.7,31.4,31.9,32.1,31.7,31.0,30.3,29.3,28.5,28.2,27.8,27.5,27.5,26.9,27.6
253:(09/10),26.7,26.6,26.4,26.1,26.1,26.3,27.0,28.1,29.0,29.9,30.2,30.2,31.3,30.6,30.4,30.4,29.9,29.3,28.2,27.9,27.5,27.1,27.2,27.1,28.3
254:(09/11),27.2,26.8,26.7,26.9,26.9,27.1,27.6,28.8,29.8,30.8,31.5,32.6,31.9,31.7,31.4,31.6,30.4,30.3,29.8,28.9,28.1,28.1,28.1,26.9,29.2
255:(09/12),25.9,26.0,25.7,25.9,25.6,25.3,24.8,25.1,25.6,26.5,27.4,27.5,27.8,27.4,27.6,27.3,27.0,26.6,26.2,25.7,25.9,23.0,23.0,21.3,25.8
256:(09/13),20.9,20.3,20.3,20.7,20.7,21.2,22.0,22.2,22.4,22.4,22.0,22.1,21.5,19.7,19.7,19.5,19.4,19.2,19.1,18.9,18.6,18.7,18.5,18.4,20.4
257:(09/14),18.5,18.5,18.6,18.7,18.8,18.8,19.1,19.0,19.7,19.8,20.2,20.6,21.2,21.8,22.2,22.6,22.5,21.7,21.4,21.3,21.3,21.2,21.2,21.3,20.4
258:(09/15),21.4,21.2,21.1,20.9,20.8,20.3,20.2,19.8,19.8,19.9,20.1,19.9,19.9,20.2,20.5,21.4,21.5,21.7,21.7,21.4,22.0,21.6,21.9,21.5,20.9
259:(09/16),21.2,21.7,21.5,21.4,21.2,20.9,21.1,21.6,22.5,23.5,24.9,25.8,28.7,29.2,27.5,26.9,25.3,25.5,24.9,24.8,24.8,24.7,24.4,24.4,24.1
260:(09/17),24.3,24.6,24.3,24.3,24.0,24.2,24.7,26.6,27.5,27.8,28.2,26.9,26.6,25.1,26.1,26.7,25.9,24.1,24.6,24.7,25.0,25.2,25.1,24.9,25.5
261:(09/18),24.7,24.6,24.4,24.2,24.1,24.4,24.9,24.8,26.0,26.3,27.8,29.0,29.1,28.7,28.4,28.2,27.2,26.3,25.7,25.4,25.2,25.2,24.7,24.4,26.0
262:(09/19),23.8,23.0,23.5,23.5,23.4,23.2,23.5,24.6,25.1,26.4,26.4,24.7,25.6,26.3,25.5,25.6,25.6,24.8,24.4,24.2,24.1,23.7,23.0,22.8,24.4
263:(09/20),21.9,21.7,21.5,21.0,20.8,20.8,23.1,24.7,26.7,28.0,28.7,29.8,30.3,30.8,30.5,30.8,30.2,28.8,27.8,27.4,26.0,25.4,24.7,24.7,26.1
264:(09/21),24.2,23.8,23.6,23.1,22.3,21.9,22.3,22.8,24.2,25.7,26.1,26.5,27.0,26.9,26.9,27.0,26.5,26.0,25.8,25.5,24.9,24.3,24.2,23.8,24.8
265:(09/22),23.6,21.9,22.0,21.6,21.5,21.3,21.7,22.5,23.8,24.7,25.2,25.3,22.4,20.7,21.4,21.5,21.6,21.3,21.6,21.8,21.8,21.4,20.8,20.4,22.2
266:(09/23),20.3,19.9,19.8,19.7,19.7,19.7,19.7,19.7,19.8,20.5,21.5,22.3,23.7,23.9,24.7,24.4,23.9,23.3,23.2,22.3,22.6,21.8,21.5,21.5,21.6
267:(09/24),22.3,21.5,21.5,21.3,21.3,21.2,21.6,21.8,21.6,22.0,21.8,22.0,22.0,21.8,21.8,21.6,21.5,21.3,21.5,21.4,21.2,21.1,21.0,20.9,21.5
268:(09/25),20.9,20.7,20.3,20.2,20.4,20.5,20.4,20.7,20.7,20.5,21.7,24.4,24.2,24.8,24.8,24.8,24.8,24.2,23.7,23.1,22.8,22.5,20.9,21.0,22.2
269:(09/26),19.2,20.5,20.5,19.9,19.7,19.2,18.8,19.5,21.9,24.2,25.4,25.9,25.6,24.9,24.6,24.0,23.3,22.9,22.9,22.7,22.0,22.1,21.9,21.0,22.2
270:(09/27),21.3,21.0,21.1,21.0,20.6,20.2,19.9,19.1,19.2,19.0,19.5,19.9,20.5,20.3,20.5,20.4,20.5,20.2,19.9,19.6,19.1,19.0,19.2,19.5,20.0
271:(09/28),19.6,19.6,19.7,19.8,19.9,19.9,19.6,19.1,19.5,19.7,19.9,20.3,20.2,20.4,20.5,20.5,20.8,20.7,20.5,20.5,20.3,20.1,19.8,19.3,20.0
272:(09/29),19.2,19.2,19.3,19.6,19.4,19.7,20.0,20.5,21.0,21.1,22.1,22.4,23.0,23.1,23.9,24.3,24.1,25.7,26.3,26.2,26.3,26.5,26.7,26.7,22.8
273:(09/30),26.6,27.0,27.0,25.2,24.9,25.2,25.7,26.4,28.1,28.9,28.8,29.3,30.1,30.1,29.7,29.7,28.8,27.9,26.9,26.1,25.6,25.0,24.6,24.0,27.1
274:(10/01),23.5,22.6,22.0,21.6,21.5,21.2,21.4,21.6,22.6,23.9,24.8,25.3,25.5,25.5,25.4,25.0,24.6,23.8,23.5,23.2,23.0,22.6,22.0,21.4,23.2
275:(10/02),20.6,19.9,18.9,18.2,17.6,17.8,17.8,18.0,18.5,19.3,20.7,21.6,24.0,27.2,27.6,27.4,26.7,25.9,25.0,24.0,23.0,22.5,22.2,22.2,21.9
276:(10/03),22.3,21.5,22.2,22.2,22.5,21.9,23.0,25.5,26.2,26.2,26.9,27.1,26.9,26.4,26.2,26.0,25.5,24.8,24.0,23.7,23.7,23.2,23.0,22.6,24.3
277:(10/04),22.4,22.2,22.1,22.3,22.2,22.2,22.4,23.1,24.4,24.2,24.5,25.2,25.8,26.0,26.1,25.9,25.7,25.6,25.6,25.5,24.5,24.2,23.5,22.9,24.1
278:(10/05),22.6,22.3,22.2,22.2,22.2,22.2,22.6,23.5,24.3,24.3,24.1,24.3,24.6,24.8,24.7,24.4,23.5,22.6,22.7,22.1,21.7,21.8,21.4,21.9,23.0
279:(10/06),21.4,21.1,20.6,19.9,18.8,18.4,18.3,18.6,19.2,19.5,21.5,21.3,21.4,21.8,22.0,21.7,21.3,20.4,20.1,19.4,18.4,17.6,17.7,17.4,19.9
280:(10/07),17.2,16.5,16.5,16.3,16.4,16.5,16.6,16.8,17.7,18.5,18.8,19.0,19.2,18.7,18.9,18.6,18.5,18.0,18.2,18.2,18.0,17.8,17.3,16.1,17.7
281:(10/08),15.6,15.1,14.4,14.2,14.1,14.5,14.3,14.6,14.5,14.5,14.6,14.7,14.8,14.9,14.9,15.1,15.1,15.1,15.0,15.0,15.1,15.1,15.1,15.0,14.8
282:(10/09),15.0,15.0,14.9,15.0,15.1,15.2,15.5,16.2,17.2,17.9,19.1,19.8,20.3,20.3,20.5,20.3,20.3,19.6,18.9,18.7,18.6,18.5,18.1,17.8,17.8
283:(10/10),17.4,17.1,16.7,16.0,15.7,15.0,15.3,17.1,18.8,19.6,19.7,19.7,20.2,20.1,19.7,19.2,18.6,17.9,17.7,17.5,17.5,17.1,16.5,16.4,17.8
284:(10/11),15.9,15.7,15.6,15.3,15.0,15.0,15.6,17.1,18.3,18.9,20.5,20.1,21.3,20.8,20.7,20.0,19.0,18.7,18.5,17.7,17.6,17.7,17.8,17.9,17.9
285:(10/12),17.5,17.1,17.2,15.9,15.6,15.7,16.2,16.9,17.2,17.7,18.0,19.5,19.7,20.8,21.1,21.1,21.0,20.8,20.5,20.1,19.5,19.3,18.7,18.5,18.6
286:(10/13),18.5,18.2,18.1,18.3,18.3,18.5,19.0,19.9,20.2,21.4,23.1,23.7,24.9,23.8,23.4,23.1,22.3,21.4,20.5,19.7,19.1,18.7,18.7,18.4,20.5
287:(10/14),18.4,18.5,17.6,17.5,16.9,16.5,16.9,18.0,18.9,21.1,22.4,23.5,23.7,23.4,23.6,23.4,22.9,22.2,21.6,21.0,20.3,19.7,19.0,18.9,20.2
288:(10/15),18.7,17.5,16.8,16.8,16.2,15.7,16.0,17.4,19.1,20.5,21.9,22.8,24.0,23.8,23.7,23.4,23.1,22.0,21.7,21.2,21.1,20.9,20.7,20.6,20.2
289:(10/16),20.4,19.9,18.8,18.1,17.9,17.8,18.3,18.6,19.4,20.4,21.9,22.8,22.6,23.5,24.4,24.5,23.6,23.0,22.5,22.2,22.2,22.0,21.0,21.5,21.1
290:(10/17),21.2,21.0,20.4,20.0,19.9,20.1,20.3,21.7,23.9,25.0,26.5,26.5,26.7,26.9,26.9,26.9,24.1,22.7,22.2,21.8,21.8,21.7,21.8,21.7,23.0
291:(10/18),21.3,20.1,19.5,18.7,18.2,18.1,18.2,19.2,20.8,22.5,22.7,24.1,25.0,24.9,25.5,24.4,23.5,22.5,21.9,21.0,20.9,20.7,20.2,19.2,21.4
292:(10/19),19.0,19.1,19.5,19.4,19.0,18.5,18.7,19.8,20.9,21.5,22.7,23.4,24.7,24.6,24.4,24.5,23.1,21.3,20.3,19.9,19.7,19.7,19.7,19.8,21.0
293:(10/20),19.7,19.1,19.3,19.2,18.9,18.7,18.3,18.4,19.2,20.0,21.6,22.5,22.8,22.2,22.2,21.8,21.1,20.1,19.7,18.8,18.3,17.8,17.5,17.2,19.8
294:(10/21),16.8,16.7,16.7,16.6,15.9,14.7,14.3,16.3,18.5,19.7,20.8,21.8,21.6,21.2,21.0,20.8,20.1,19.5,18.8,18.1,17.8,17.8,17.4,16.6,18.3
295:(10/22),16.1,15.9,15.5,15.1,15.1,14.7,14.9,15.7,16.1,16.5,17.1,18.9,19.7,20.0,19.6,19.4,18.6,17.7,17.0,16.9,16.6,16.4,16.4,15.9,16.9
296:(10/23),15.5,15.4,15.4,14.9,14.7,14.4,15.2,16.1,17.7,19.2,20.1,20.8,21.4,20.7,21.0,20.6,20.2,19.3,18.4,18.1,17.6,17.6,17.3,17.2,17.9
297:(10/24),17.0,16.3,17.0,16.4,16.0,15.6,15.9,16.7,17.7,19.5,20.3,20.3,19.9,20.2,20.7,19.5,18.0,17.6,17.0,16.8,16.7,16.3,16.3,17.1,17.7
298:(10/25),17.2,15.8,14.9,15.1,15.2,15.4,16.4,17.4,19.5,21.0,22.2,22.4,23.5,22.8,22.7,22.2,20.8,20.1,19.3,18.5,18.6,18.2,17.9,17.3,18.9
299:(10/26),16.5,16.6,16.5,16.3,16.3,15.5,15.8,18.1,19.5,20.1,21.3,22.1,23.1,22.1,21.9,21.6,21.3,20.8,20.8,20.4,20.0,18.9,18.0,17.6,19.2
300:(10/27),16.9,16.8,16.8,16.5,15.8,15.4,16.6,17.8,18.4,20.8,21.4,21.2,22.2,21.3,21.4,21.0,20.3,19.5,17.9,16.7,16.4,15.8,15.3,14.7,18.2
301:(10/28),14.4,14.3,13.1,13.0,12.6,12.5,12.4,13.9,15.2,16.8,17.6,18.3,18.7,18.2,17.8,17.4,16.3,15.8,15.6,15.4,15.3,15.5,15.2,14.8,15.4
302:(10/29),13.8,13.6,13.3,13.2,13.1,12.9,13.0,13.4,13.7,14.5,15.2,16.1,18.1,18.1,18.6,18.4,18.0,17.8,17.4,17.3,17.1,16.7,16.3,15.9,15.6
303:(10/30),15.6,15.6,15.2,15.0,14.6,14.5,14.9,16.4,17.1,19.3,21.1,21.8,22.2,22.2,21.7,21.8,21.1,20.9,21.0,20.1,20.0,19.0,18.4,17.8,18.6
304:(10/31),17.3,16.9,17.1,17.1,16.8,16.6,17.0,18.2,19.9,21.3,20.6,23.9,25.6,24.9,23.9,23.4,22.8,22.4,21.3,20.6,19.8,19.1,18.1,17.2,20.1
305:(11/01),16.4,15.8,14.9,14.0,13.1,12.4,12.4,13.4,14.5,15.3,15.8,16.5,16.8,16.8,16.3,16.1,15.6,15.0,14.7,14.8,14.7,13.9,13.1,12.5,14.8
306:(11/02),12.0,11.7,11.6,11.0,10.5,10.6,11.0,12.5,14.4,16.0,17.9,18.5,19.1,19.3,19.3,19.0,18.5,18.8,17.8,17.6,17.2,17.1,16.1,15.6,15.5
307:(11/03),14.0,14.3,14.2,13.7,13.9,13.3,13.7,13.5,13.7,13.8,12.8,13.7,13.9,14.4,15.1,15.0,15.7,15.8,15.1,14.8,14.7,14.8,14.7,15.3,14.3
308:(11/04),13.9,13.2,12.9,12.6,12.7,12.5,12.4,13.1,14.9,16.0,16.9,18.1,18.9,18.3,18.2,18.0,17.5,16.9,16.0,15.6,15.2,14.1,12.7,11.8,15.1
309:(11/05),11.4,10.8,10.6,10.2,9.9,9.4,9.7,10.9,11.4,12.5,13.8,14.9,16.0,16.7,17.0,17.1,16.0,16.1,15.8,15.4,15.5,15.1,14.8,14.3,13.6
310:(11/06),14.1,14.0,13.6,13.7,13.2,13.4,13.1,12.4,12.3,12.3,12.6,12.9,13.1,13.5,13.6,13.8,14.2,14.3,14.7,14.7,14.6,14.5,14.5,14.8,13.7
311:(11/07),15.0,15.2,15.0,14.9,14.7,14.6,15.1,16.0,15.9,17.0,18.7,19.2,19.1,19.5,19.2,20.3,19.3,18.6,18.1,17.2,16.2,15.2,14.2,13.6,16.7
312:(11/08),13.0,12.7,12.3,12.4,12.1,11.7,11.7,12.0,12.4,13.2,13.5,14.7,14.7,15.2,14.7,14.7,14.0,13.6,13.1,12.7,12.5,12.5,11.6,11.1,13.0
313:(11/09),10.4,9.7,9.5,9.3,8.7,8.2,8.3,9.6,11.9,14.0,15.6,16.8,17.7,18.3,18.5,18.0,16.9,17.2,16.1,15.7,15.0,13.6,13.0,12.7,13.5
314:(11/10),12.5,11.9,11.7,11.5,11.0,10.7,10.5,11.5,12.9,14.8,16.8,18.1,19.5,20.6,20.6,20.6,18.6,19.9,18.9,18.3,17.5,15.0,14.5,15.3,15.6
315:(11/11),14.7,14.2,14.0,13.1,12.8,12.7,13.4,13.5,15.2,16.3,19.1,19.5,20.5,20.6,20.6,20.7,20.5,19.7,19.1,18.3,17.3,17.7,17.5,17.0,17.0
316:(11/12),16.4,14.6,14.8,14.3,13.1,12.8,13.2,15.0,16.8,18.7,20.1,21.2,21.3,20.9,21.3,21.2,19.5,18.5,17.8,19.2,17.4,16.9,16.6,16.4,17.4
317:(11/13),14.3,13.9,13.7,15.7,14.6,13.0,14.2,14.6,16.2,18.1,20.3,21.7,22.5,22.6,22.2,21.6,18.7,16.7,16.5,16.3,16.0,15.0,14.8,14.6,17.0
318:(11/14),14.3,13.6,13.3,13.1,13.0,12.5,12.9,13.0,13.3,13.2,12.7,12.7,12.0,11.9,11.5,11.5,11.7,11.8,11.8,11.9,11.9,11.6,11.2,11.2,12.4
319:(11/15),11.1,10.7,10.3,10.3,9.8,8.8,8.9,9.2,10.2,11.5,12.6,12.9,13.8,13.3,12.5,12.4,11.8,10.9,9.9,9.3,8.3,7.8,7.6,7.4,10.5
320:(11/16),7.0,7.2,6.7,6.2,5.7,5.1,4.7,5.5,6.9,8.5,10.2,10.7,11.5,11.6,11.4,11.7,11.5,10.9,10.7,10.0,10.1,9.6,8.9,7.4,8.7
321:(11/17),6.9,6.5,6.3,5.7,5.3,5.2,5.3,6.1,8.1,9.2,10.0,12.1,13.0,13.9,14.6,14.3,13.8,14.3,12.6,12.4,12.4,12.7,12.4,11.8,10.2
322:(11/18),11.4,11.0,10.9,10.8,10.2,9.8,10.0,10.8,11.4,13.8,15.6,19.1,20.2,20.6,20.6,20.1,20.1,20.0,19.4,19.0,18.2,18.2,17.9,18.5,15.7
323:(11/19),18.0,17.3,17.4,15.0,14.1,15.2,15.7,16.5,17.1,18.6,20.7,22.5,23.6,23.8,23.4,22.8,21.9,21.0,20.6,19.8,19.2,18.7,18.3,17.9,19.1
324:(11/20),17.3,16.8,16.3,16.0,15.4,15.0,14.6,15.0,15.0,15.8,15.0,15.3,15.8,16.0,16.0,16.0,15.7,15.5,15.3,15.0,15.1,14.9,14.7,14.9,15.5
325:(11/21),14.5,13.8,14.0,14.0,13.3,13.1,12.8,13.5,14.8,15.4,15.6,17.7,17.7,18.0,17.5,17.5,17.2,16.6,15.6,15.1,14.7,14.3,11.9,11.0,15.0
326:(11/22),10.8,9.5,9.3,9.5,9.1,9.0,9.2,9.5,9.9,10.4,12.3,12.5,12.8,13.3,13.3,13.0,12.5,12.5,12.5,12.3,12.5,12.3,11.6,10.1,11.2
327:(11/23),9.2,8.8,8.7,9.2,10.2,10.5,10.2,10.2,11.8,12.8,12.5,13.5,13.3,13.8,13.5,13.4,12.2,12.2,11.2,10.5,9.9,9.4,8.9,8.3,11.0
328:(11/24),8.0,7.6,7.6,6.8,6.4,5.8,5.7,6.2,7.8,9.5,10.8,11.4,12.0,12.3,12.3,12.5,12.3,11.8,11.6,11.4,11.0,10.5,9.8,7.9,9.5
329:(11/25),7.3,7.5,7.1,6.6,6.7,6.8,6.9,7.2,8.6,10.6,12.2,14.5,14.7,15.6,17.4,17.0,14.4,13.4,13.0,12.7,11.3,11.9,11.5,11.2,11.1
330:(11/26),10.6,10.1,10.2,9.9,9.5,9.5,9.8,10.5,10.5,11.8,12.7,13.6,13.6,14.1,14.2,14.0,13.6,13.5,12.9,12.7,12.3,11.7,11.1,10.4,11.8
331:(11/27),10.2,10.0,9.8,9.2,8.8,8.5,9.7,10.5,11.9,12.5,13.5,14.0,14.1,13.9,13.8,13.0,11.9,10.8,10.2,10.1,9.6,9.7,9.5,8.7,11.0
332:(11/28),7.7,7.5,8.1,6.8,6.1,7.5,6.6,6.6,7.7,8.9,10.1,11.7,12.1,12.4,12.5,12.5,12.5,12.0,10.0,10.0,10.2,9.6,8.8,8.4,9.4
333:(11/29),8.0,7.6,7.4,7.2,6.7,6.4,6.6,6.8,9.6,11.6,13.4,15.6,16.3,16.2,16.2,15.6,15.0,13.1,12.2,13.4,13.6,12.4,12.0,11.3,11.4
334:(11/30),10.9,9.8,9.4,8.8,8.5,8.0,8.2,8.6,10.1,12.1,12.9,13.9,14.9,14.9,14.7,14.5,14.1,13.6,13.1,13.0,11.2,11.8,10.3,10.1,11.6
335:(12/01),9.8,9.8,9.6,9.6,9.0,9.3,8.2,10.1,11.6,13.0,14.6,16.6,17.4,17.4,17.0,16.4,16.5,15.1,14.5,13.1,14.8,14.3,13.6,13.0,13.1
336:(12/02),12.5,12.3,11.9,12.3,12.3,12.1,11.9,11.3,11.0,10.1,9.0,8.5,8.1,7.7,8.0,7.7,7.1,6.8,6.7,6.3,6.4,5.2,5.0,4.3,8.9
337:(12/03),3.9,3.9,3.3,3.2,3.3,3.3,3.8,4.1,4.4,5.0,5.2,5.9,5.4,6.1,5.8,5.3,4.7,3.6,2.7,2.9,2.8,2.8,3.0,2.9,4.1
338:(12/04),3.0,3.7,4.2,4.3,4.4,4.4,4.2,4.5,5.7,6.4,7.0,8.3,8.6,8.8,8.9,8.9,9.0,8.8,8.6,8.4,8.3,8.0,7.8,7.7,6.7
339:(12/05),7.6,7.5,7.7,7.6,7.6,7.7,8.1,8.1,7.8,7.4,7.3,7.3,7.6,7.9,8.5,8.6,8.9,9.3,9.8,10.0,10.2,10.2,10.5,9.9,8.5
340:(12/06),10.1,10.4,11.1,11.4,11.1,11.2,8.9,9.9,11.6,12.2,12.8,13.3,13.3,13.5,13.3,12.6,11.7,11.3,11.1,10.9,10.4,10.3,9.9,9.3,11.3
341:(12/07),9.1,9.2,8.8,8.6,8.6,8.3,7.9,7.6,6.7,6.7,6.9,7.0,7.3,7.7,7.8,7.9,8.1,8.4,8.7,9.1,9.4,9.8,9.5,9.8,8.3
342:(12/08),9.9,10.0,10.2,10.2,11.0,10.7,11.4,11.4,11.4,11.8,12.3,12.5,12.4,12.8,13.4,12.8,12.6,12.6,12.7,11.6,11.4,10.9,10.9,10.8,11.6
343:(12/09),10.5,10.4,10.2,10.2,10.0,9.9,10.2,9.9,10.4,11.1,11.6,12.2,12.0,12.9,12.7,12.3,11.7,11.5,11.8,11.0,10.2,9.8,9.4,8.3,10.8
344:(12/10),7.9,7.6,7.2,6.9,6.0,6.1,5.5,5.9,6.5,7.8,8.9,9.8,9.5,9.5,9.4,9.5,9.4,8.7,8.5,8.4,8.4,8.3,7.1,6.9,7.9
345:(12/11),6.6,5.8,5.4,5.1,4.9,4.8,5.1,5.5,6.1,7.8,8.8,10.4,10.8,11.0,11.9,11.5,11.5,11.4,10.5,9.4,8.1,7.4,6.6,6.4,8.0
346:(12/12),6.1,6.2,5.9,6.0,6.0,5.8,5.3,5.1,5.8,6.5,7.0,8.1,8.9,8.8,9.1,8.8,8.6,8.8,8.5,8.8,8.4,8.3,8.1,6.5,7.3
347:(12/13),5.3,5.2,4.3,4.1,4.0,3.5,3.5,4.1,5.5,7.3,8.4,9.8,10.9,11.7,11.1,10.8,10.6,8.9,8.8,7.9,7.7,8.5,6.6,6.5,7.3
348:(12/14),4.8,4.3,3.9,4.0,3.9,5.9,5.5,5.8,7.6,9.9,12.9,13.5,13.4,13.8,14.4,13.5,12.9,11.4,13.1,11.6,10.6,10.3,10.3,10.3,9.5
349:(12/15),8.8,8.1,7.5,8.6,8.7,10.7,11.3,10.5,10.3,11.7,13.3,14.6,15.0,15.3,15.2,15.2,14.7,14.8,14.2,13.7,12.9,12.6,12.1,11.0,12.1
350:(12/16),10.1,10.1,10.0,9.8,9.7,9.9,10.0,9.5,10.0,11.2,11.7,12.4,12.6,13.1,13.1,13.1,11.9,12.5,10.8,10.7,10.3,9.6,9.3,8.2,10.8
351:(12/17),7.6,7.4,6.9,6.5,8.6,8.7,9.0,9.6,12.4,14.8,16.0,17.2,17.6,16.7,15.9,15.0,13.2,12.1,11.1,10.1,9.5,9.0,8.9,8.4,11.3
352:(12/18),8.2,7.3,6.7,6.5,6.2,6.0,6.3,7.1,7.7,8.8,9.3,10.4,11.4,12.0,12.0,11.9,12.0,11.4,10.9,10.8,10.3,10.3,9.6,8.6,9.2
353:(12/19),8.2,7.6,7.4,7.1,6.9,6.4,5.8,5.9,6.9,8.7,10.0,11.7,13.2,13.5,13.3,12.8,11.6,9.8,10.4,9.1,8.4,9.3,8.3,8.9,9.2
354:(12/20),7.8,6.7,6.7,7.4,6.3,8.3,7.3,8.5,10.0,11.9,12.2,13.0,13.3,13.4,12.6,11.9,10.7,9.6,8.9,8.3,7.9,7.9,7.9,7.1,9.4
355:(12/21),6.9,6.4,6.4,6.6,6.6,7.0,7.1,7.4,7.9,9.4,10.0,10.1,11.2,11.3,10.5,10.3,9.3,8.4,7.9,7.8,7.8,7.8,7.9,7.9,8.3
356:(12/22),7.9,8.0,8.1,6.3,5.6,4.8,4.9,5.9,8.1,9.9,11.6,12.8,13.9,14.9,14.9,14.6,14.1,13.6,12.8,11.3,10.6,10.5,10.2,8.6,10.2
357:(12/23),9.7,8.3,8.6,8.4,8.4,6.8,7.3,8.1,9.3,10.0,11.7,12.9,13.3,13.8,13.6,13.1,12.3,11.7,11.4,11.1,10.8,10.5,10.2,9.5,10.5
358:(12/24),9.0,8.0,8.2,8.1,8.3,9.0,8.4,8.4,9.0,9.9,10.2,10.9,10.6,10.6,9.9,9.4,8.5,8.0,7.6,7.2,6.9,6.7,6.6,7.1,8.6
359:(12/25),6.8,6.1,5.4,4.9,4.7,4.8,5.0,5.3,5.8,6.2,7.5,8.0,9.6,9.9,10.0,9.4,9.4,9.3,9.5,9.6,9.4,8.6,7.8,6.6,7.5
360:(12/26),5.3,5.4,4.8,4.6,4.5,4.9,4.8,5.1,7.6,10.2,12.4,13.1,13.5,13.2,12.4,11.8,11.1,10.4,9.5,8.8,8.3,8.1,7.8,7.5,8.5
361:(12/27),7.2,7.0,6.2,5.6,5.4,4.9,5.1,5.1,5.7,7.2,7.9,8.4,9.2,9.3,9.4,9.5,9.6,9.4,9.5,8.9,8.5,7.7,6.9,6.5,7.5
362:(12/28),6.2,5.3,5.1,4.7,4.6,4.6,4.5,5.0,7.2,8.8,9.7,12.1,12.8,12.8,12.8,12.2,10.7,10.9,11.3,10.9,10.6,10.7,10.2,8.1,8.8
363:(12/29),6.7,6.6,6.0,5.6,5.5,5.3,4.9,5.4,6.6,8.1,9.7,10.7,11.6,12.1,12.3,12.3,12.2,11.8,9.7,10.6,9.7,8.8,7.2,6.7,8.6
364:(12/30),6.5,5.7,5.3,5.2,4.9,5.8,6.3,6.4,7.4,9.7,11.0,12.3,13.0,13.1,13.0,12.5,11.5,9.4,8.5,7.8,7.3,7.3,6.6,6.2,8.4
365:(12/31),5.9,5.9,5.8,5.3,4.8,4.6,4.7,4.8,5.3,5.5,6.1,7.2,8.0,8.9,9.3,8.6,8.0,7.1,6.7,6.3,5.9,5.5,5.1,4.7,6.2
