[MJ/(m2h)],01:00,02:00,03:00,04:00,05:00,06:00,07:00,08:00,09:00,10:00,11:00,12:00,13:00,14:00,15:00,16:00,17:00,18:00,19:00,20:00,21:00,22:00,23:00,24:00,Daily Amount 
001:(01/01),0.00,0.00,0.00,0.00,0.00,0.00,0.01,0.04,0.03,0.03,0.02,0.02,0.01,0.00,0.00,0.00,0.00,0.00,0.00,0.00,0.00,0.00,0.00,0.00,0.2
002:(01/02),0.00,0.00,0.00,0.00,0.00,0.00,0.04,0.09,0.05,0.01,0.02,0.03,0.01,0.01,0.03,0.15,0.00,0.00,0.00,0.00,0.00,0.00,0.00,0.00,0.4
003:(01/03),0.00,0.00,0.00,0.00,0.00,0.00,0.01,0.02,0.02,0.04,0.05,0.07,0.15,1.02,1.13,0.26,0.00,0.00,0.00,0.00,0.00,0.00,0.00,0.00,2.8
004:(01/04),0.00,0.00,0.00,0.00,0.00,0.00,0.04,1.23,2.52,2.79,2.99,3.03,1.64,1.43,2.22,1.59,0.00,0.00,0.00,0.00,0.00,0.00,0.00,0.00,19.5
005:(01/05),0.00,0.00,0.00,0.00,0.00,0.00,0.08,0.56,1.21,1.62,1.96,2.65,2.67,2.47,1.99,1.35,0.00,0.00,0.00,0.00,0.00,0.00,0.00,0.00,16.6
006:(01/06),0.00,0.00,0.00,0.00,0.00,0.00,0.08,1.60,3.04,3.23,3.29,3.24,2.60,1.28,0.32,0.49,0.00,0.00,0.00,0.00,0.00,0.00,0.00,0.00,19.2
007:(01/07),0.00,0.00,0.00,0.00,0.00,0.00,0.08,1.28,2.59,2.92,3.01,2.87,2.74,2.34,1.60,0.85,0.00,0.00,0.00,0.00,0.00,0.00,0.00,0.00,20.3
008:(01/08),0.00,0.00,0.00,0.00,0.00,0.00,0.08,1.08,2.21,2.60,2.58,2.55,2.61,1.26,0.16,0.27,0.00,0.00,0.00,0.00,0.00,0.00,0.00,0.00,15.4
009:(01/09),0.00,0.00,0.00,0.00,0.00,0.00,0.15,1.48,2.73,3.01,3.14,3.15,3.19,3.00,2.67,1.90,0.00,0.00,0.00,0.00,0.00,0.00,0.00,0.00,24.4
010:(01/10),0.00,0.00,0.00,0.00,0.00,0.00,0.15,1.48,2.78,2.69,2.42,2.14,1.56,1.41,1.53,1.05,0.00,0.00,0.00,0.00,0.00,0.00,0.00,0.00,17.2
011:(01/11),0.00,0.00,0.00,0.00,0.00,0.00,0.15,1.25,2.41,2.62,2.63,1.52,0.77,0.24,0.40,0.19,0.00,0.00,0.00,0.00,0.00,0.00,0.00,0.00,12.2
012:(01/12),0.00,0.00,0.00,0.00,0.00,0.00,0.01,0.01,0.00,0.00,0.01,0.01,0.03,0.04,0.03,0.01,0.00,0.00,0.00,0.00,0.00,0.00,0.00,0.00,0.2
013:(01/13),0.00,0.00,0.00,0.00,0.00,0.00,0.04,1.03,1.95,2.44,2.61,2.53,2.24,1.84,0.47,0.03,0.00,0.00,0.00,0.00,0.00,0.00,0.00,0.00,15.2
014:(01/14),0.00,0.00,0.00,0.00,0.00,0.00,0.23,1.62,2.77,3.05,3.12,3.14,2.99,2.58,1.72,0.43,0.01,0.00,0.00,0.00,0.00,0.00,0.00,0.00,21.7
015:(01/15),0.00,0.00,0.00,0.00,0.00,0.00,0.15,0.40,1.71,2.02,2.21,2.33,2.39,2.48,1.66,0.70,0.01,0.00,0.00,0.00,0.00,0.00,0.00,0.00,16.1
016:(01/16),0.00,0.00,0.00,0.00,0.00,0.00,0.23,1.30,2.09,2.35,2.41,2.35,2.20,1.93,1.20,0.60,0.01,0.00,0.00,0.00,0.00,0.00,0.00,0.00,16.7
017:(01/17),0.00,0.00,0.00,0.00,0.00,0.00,0.15,1.27,1.72,1.88,1.85,1.91,0.29,0.01,0.01,0.10,0.01,0.00,0.00,0.00,0.00,0.00,0.00,0.00,9.2
018:(01/18),0.00,0.00,0.00,0.00,0.00,0.00,0.67,1.92,2.38,1.69,2.61,2.84,2.28,2.39,2.63,1.84,0.01,0.00,0.00,0.00,0.00,0.00,0.00,0.00,21.3
019:(01/19),0.00,0.00,0.00,0.00,0.00,0.00,0.48,1.57,2.25,2.56,2.68,2.68,2.78,2.56,1.82,0.93,0.01,0.00,0.00,0.00,0.00,0.00,0.00,0.00,20.3
020:(01/20),0.00,0.00,0.00,0.00,0.00,0.00,0.34,1.32,1.87,2.31,2.42,2.32,2.24,1.99,1.48,0.63,0.01,0.00,0.00,0.00,0.00,0.00,0.00,0.00,16.9
021:(01/21),0.00,0.00,0.00,0.00,0.00,0.00,0.04,0.09,0.07,0.05,0.01,0.00,0.00,0.00,0.01,0.00,0.00,0.00,0.00,0.00,0.00,0.00,0.00,0.00,0.3
022:(01/22),0.00,0.00,0.00,0.00,0.00,0.00,0.04,0.16,0.17,0.12,0.07,0.05,0.10,0.15,0.12,0.08,0.01,0.00,0.00,0.00,0.00,0.00,0.00,0.00,1.1
023:(01/23),0.00,0.00,0.00,0.00,0.00,0.00,0.86,1.95,2.73,3.15,3.26,3.28,3.27,3.16,2.92,2.09,0.08,0.00,0.00,0.00,0.00,0.00,0.00,0.00,26.8
024:(01/24),0.00,0.00,0.00,0.00,0.00,0.00,0.67,1.33,1.70,2.05,1.89,0.62,0.36,0.58,0.97,0.33,0.01,0.00,0.00,0.00,0.00,0.00,0.00,0.00,10.5
025:(01/25),0.00,0.00,0.00,0.00,0.00,0.00,0.01,0.05,0.69,2.36,2.15,1.94,1.58,1.26,1.22,0.77,0.01,0.00,0.00,0.00,0.00,0.00,0.00,0.00,12.0
026:(01/26),0.00,0.00,0.00,0.00,0.00,0.00,0.86,1.65,2.42,2.77,2.88,2.97,3.00,2.86,2.48,1.55,0.08,0.00,0.00,0.00,0.00,0.00,0.00,0.00,23.5
027:(01/27),0.00,0.00,0.00,0.00,0.00,0.00,1.24,2.04,2.64,2.90,0.94,1.05,1.23,2.90,1.08,0.21,0.01,0.00,0.00,0.00,0.00,0.00,0.00,0.00,16.2
028:(01/28),0.00,0.00,0.00,0.00,0.00,0.00,1.24,1.84,2.58,3.02,3.01,3.01,3.09,3.00,2.76,1.90,0.16,0.00,0.00,0.00,0.00,0.00,0.00,0.00,25.6
029:(01/29),0.00,0.00,0.00,0.00,0.00,0.00,1.05,1.79,2.49,2.51,2.48,2.64,2.48,1.79,1.09,0.67,0.08,0.00,0.00,0.00,0.00,0.00,0.00,0.00,19.1
030:(01/30),0.00,0.00,0.00,0.00,0.00,0.00,1.24,1.87,2.59,3.00,3.13,3.05,2.55,1.51,0.67,0.43,0.16,0.00,0.00,0.00,0.00,0.00,0.00,0.00,20.2
031:(01/31),0.00,0.00,0.00,0.00,0.00,0.00,1.05,1.67,2.28,2.50,2.72,2.83,2.86,2.65,1.99,0.85,0.04,0.00,0.00,0.00,0.00,0.00,0.00,0.00,21.4
032:(02/01),0.00,0.00,0.00,0.00,0.00,0.00,0.86,1.37,1.87,1.94,1.74,1.42,1.10,0.98,0.81,0.32,0.01,0.00,0.00,0.00,0.00,0.00,0.00,0.00,12.4
033:(02/02),0.00,0.00,0.00,0.00,0.00,0.00,1.05,1.05,2.19,2.81,2.91,2.91,2.56,1.21,0.52,0.33,0.08,0.00,0.00,0.00,0.00,0.00,0.00,0.00,17.6
034:(02/03),0.00,0.00,0.00,0.00,0.00,0.00,1.24,2.19,2.82,2.94,3.10,3.19,2.34,1.49,2.25,1.22,0.23,0.00,0.00,0.00,0.00,0.00,0.00,0.00,23.0
035:(02/04),0.00,0.00,0.00,0.00,0.00,0.00,0.20,0.61,1.86,1.98,1.70,1.80,1.32,0.38,0.33,0.06,0.01,0.00,0.00,0.00,0.00,0.00,0.00,0.00,10.3
036:(02/05),0.00,0.00,0.00,0.00,0.00,0.00,1.42,1.85,2.55,2.88,3.01,3.07,3.09,3.01,2.76,2.06,1.05,0.00,0.00,0.00,0.00,0.00,0.00,0.00,26.8
037:(02/06),0.00,0.00,0.00,0.00,0.00,0.00,0.62,0.31,1.29,1.30,1.76,2.26,2.13,1.95,1.67,1.17,0.23,0.00,0.00,0.00,0.00,0.00,0.00,0.00,14.7
038:(02/07),0.00,0.00,0.00,0.00,0.00,0.00,0.29,0.33,0.22,1.55,1.11,1.86,2.11,2.02,0.50,0.09,0.04,0.00,0.00,0.00,0.00,0.00,0.00,0.00,10.1
039:(02/08),0.00,0.00,0.00,0.00,0.00,0.00,0.18,0.76,1.29,1.54,0.59,1.14,1.77,1.97,2.46,2.04,1.25,0.00,0.00,0.00,0.00,0.00,0.00,0.00,15.0
040:(02/09),0.00,0.00,0.00,0.00,0.00,0.00,1.52,2.03,2.49,2.51,2.35,2.12,1.87,1.69,1.24,0.30,0.24,0.00,0.00,0.00,0.00,0.00,0.00,0.00,18.4
041:(02/10),0.00,0.00,0.00,0.00,0.00,0.00,0.07,0.05,0.02,0.02,0.06,0.09,0.09,0.04,0.00,0.01,0.01,0.00,0.00,0.00,0.00,0.00,0.00,0.00,0.5
042:(02/11),0.00,0.00,0.00,0.00,0.00,0.00,1.12,1.65,2.25,2.43,2.42,2.41,2.49,0.69,0.10,0.07,0.08,0.00,0.00,0.00,0.00,0.00,0.00,0.00,15.7
043:(02/12),0.00,0.00,0.00,0.00,0.00,0.00,1.14,1.59,2.23,2.09,2.05,1.97,1.92,1.70,0.82,0.07,0.01,0.00,0.00,0.00,0.00,0.00,0.00,0.00,15.6
044:(02/13),0.00,0.00,0.00,0.00,0.00,0.00,1.39,2.18,2.71,3.00,3.12,2.86,2.10,1.56,1.36,0.62,0.34,0.00,0.00,0.00,0.00,0.00,0.00,0.00,21.2
045:(02/14),0.00,0.00,0.00,0.00,0.00,0.00,0.71,1.27,1.95,2.11,1.79,1.70,1.79,1.61,1.22,0.41,0.30,0.00,0.00,0.00,0.00,0.00,0.00,0.00,14.9
046:(02/15),0.00,0.00,0.00,0.00,0.00,0.00,0.00,0.01,0.01,0.00,0.02,0.00,0.00,0.02,0.01,0.01,0.00,0.00,0.00,0.00,0.00,0.00,0.00,0.00,0.1
047:(02/16),0.00,0.00,0.00,0.00,0.00,0.00,0.49,1.04,0.30,0.22,0.26,0.38,1.17,0.68,0.88,1.58,1.70,0.00,0.00,0.00,0.00,0.00,0.00,0.00,8.7
048:(02/17),0.00,0.00,0.00,0.00,0.00,0.00,0.30,1.45,3.10,3.33,3.37,3.41,3.42,3.38,3.26,2.43,2.01,0.00,0.00,0.00,0.00,0.00,0.00,0.00,29.5
049:(02/18),0.00,0.00,0.00,0.00,0.00,0.00,1.22,0.92,1.73,1.62,0.87,1.07,0.77,0.19,0.10,0.07,0.12,0.00,0.00,0.00,0.00,0.00,0.00,0.00,8.7
050:(02/19),0.00,0.00,0.00,0.00,0.00,0.00,0.21,0.18,1.69,2.37,1.08,0.48,1.89,0.42,0.16,1.31,1.26,0.00,0.00,0.00,0.00,0.00,0.00,0.00,11.1
051:(02/20),0.00,0.00,0.00,0.00,0.00,0.00,0.51,1.20,2.09,1.46,0.95,0.20,0.91,1.79,1.91,0.61,0.10,0.00,0.00,0.00,0.00,0.00,0.00,0.00,11.7
052:(02/21),0.00,0.00,0.00,0.00,0.00,0.00,0.85,1.76,2.53,2.99,3.01,3.03,2.70,2.46,1.74,1.63,0.90,0.00,0.00,0.00,0.00,0.00,0.00,0.00,23.6
053:(02/22),0.00,0.00,0.00,0.00,0.00,0.00,1.60,2.91,2.92,2.76,2.76,2.82,2.21,2.44,2.38,1.79,1.18,0.00,0.00,0.00,0.00,0.00,0.00,0.00,25.8
054:(02/23),0.00,0.00,0.00,0.00,0.00,0.00,0.16,1.73,2.68,2.94,3.12,3.23,3.23,1.24,0.42,1.79,0.96,0.00,0.00,0.00,0.00,0.00,0.00,0.00,21.5
055:(02/24),0.00,0.00,0.00,0.00,0.00,0.00,1.05,2.21,2.54,2.68,2.63,2.56,2.52,1.67,0.15,0.18,0.12,0.00,0.00,0.00,0.00,0.00,0.00,0.00,18.3
056:(02/25),0.00,0.00,0.00,0.00,0.00,0.00,1.14,2.39,2.71,2.86,2.92,2.91,2.59,2.64,2.83,2.20,0.92,0.00,0.00,0.00,0.00,0.00,0.00,0.00,26.1
057:(02/26),0.00,0.00,0.00,0.00,0.00,0.00,1.05,2.44,2.65,2.56,2.27,2.13,2.03,1.57,1.11,0.79,0.47,0.00,0.00,0.00,0.00,0.00,0.00,0.00,19.1
058:(02/27),0.00,0.00,0.00,0.00,0.00,0.00,0.82,1.53,1.79,1.19,0.72,1.21,1.35,1.36,1.06,0.76,0.25,0.00,0.00,0.00,0.00,0.00,0.00,0.00,12.0
059:(02/28),0.00,0.00,0.00,0.00,0.00,0.00,0.32,0.72,1.51,0.91,0.46,0.06,0.82,0.05,0.00,0.01,0.01,0.00,0.00,0.00,0.00,0.00,0.00,0.00,4.9
060:(03/01),0.00,0.00,0.00,0.00,0.00,0.00,0.00,0.01,0.00,0.02,0.00,0.00,0.62,1.65,1.91,0.78,0.10,0.00,0.00,0.00,0.00,0.00,0.00,0.00,5.1
061:(03/02),0.00,0.00,0.00,0.00,0.00,0.00,0.43,1.52,2.85,3.08,3.21,3.02,1.39,1.74,0.84,0.33,0.33,0.00,0.00,0.00,0.00,0.00,0.00,0.00,18.7
062:(03/03),0.00,0.00,0.00,0.00,0.00,0.01,1.70,3.06,3.36,3.49,3.47,3.44,3.44,3.30,2.94,2.33,1.29,0.00,0.00,0.00,0.00,0.00,0.00,0.00,31.8
063:(03/04),0.00,0.00,0.00,0.00,0.00,0.00,1.33,2.41,2.56,2.63,2.83,2.93,2.98,2.97,1.86,0.25,0.06,0.00,0.00,0.00,0.00,0.00,0.00,0.00,22.8
064:(03/05),0.00,0.00,0.00,0.00,0.00,0.01,1.74,3.22,3.41,3.52,3.54,3.52,3.37,3.29,3.30,2.78,1.76,0.00,0.00,0.00,0.00,0.00,0.00,0.00,33.5
065:(03/06),0.00,0.00,0.00,0.00,0.00,0.01,1.45,2.71,2.87,3.05,3.18,2.77,2.33,1.93,1.63,1.38,0.89,0.00,0.00,0.00,0.00,0.00,0.00,0.00,24.2
066:(03/07),0.00,0.00,0.00,0.00,0.00,0.02,1.14,1.66,1.98,0.72,1.35,1.96,0.60,0.24,0.08,0.03,0.02,0.00,0.00,0.00,0.00,0.00,0.00,0.00,9.8
067:(03/08),0.00,0.00,0.00,0.00,0.00,0.00,0.00,0.00,0.02,0.00,0.00,0.08,0.00,0.02,0.02,0.00,0.01,0.00,0.00,0.00,0.00,0.00,0.00,0.00,0.2
068:(03/09),0.00,0.00,0.00,0.00,0.00,0.02,0.87,2.15,2.86,3.25,3.42,3.42,3.26,3.04,2.42,2.90,1.06,0.00,0.00,0.00,0.00,0.00,0.00,0.00,28.7
069:(03/10),0.00,0.00,0.00,0.00,0.00,0.05,1.44,2.53,2.78,3.05,3.18,3.22,3.18,2.08,0.86,0.56,0.39,0.00,0.00,0.00,0.00,0.00,0.00,0.00,23.3
070:(03/11),0.00,0.00,0.00,0.00,0.00,0.05,0.36,1.29,0.40,2.00,0.37,0.15,0.43,0.63,2.30,2.22,1.29,0.00,0.00,0.00,0.00,0.00,0.00,0.00,11.5
071:(03/12),0.00,0.00,0.00,0.00,0.00,0.15,1.55,3.03,3.09,2.39,3.31,3.29,3.35,3.16,2.84,2.39,1.22,0.00,0.00,0.00,0.00,0.00,0.00,0.00,29.8
072:(03/13),0.00,0.00,0.00,0.00,0.00,0.05,0.29,0.30,0.25,0.16,0.88,1.12,0.44,0.47,0.16,0.17,0.29,0.00,0.00,0.00,0.00,0.00,0.00,0.00,4.6
073:(03/14),0.00,0.00,0.00,0.00,0.00,0.34,0.71,1.47,1.85,2.09,1.95,1.69,1.70,1.74,1.22,1.07,0.44,0.00,0.00,0.00,0.00,0.00,0.00,0.00,16.3
074:(03/15),0.00,0.00,0.00,0.00,0.00,0.00,0.01,0.01,0.00,0.06,0.06,0.00,0.00,0.00,0.00,0.00,0.00,0.00,0.00,0.00,0.00,0.00,0.00,0.00,0.1
075:(03/16),0.00,0.00,0.00,0.00,0.00,0.50,2.01,3.12,3.30,3.42,3.42,2.04,1.40,0.65,0.90,1.60,1.22,0.02,0.00,0.00,0.00,0.00,0.00,0.00,23.6
076:(03/17),0.00,0.00,0.00,0.00,0.00,0.00,0.01,0.03,0.03,0.00,0.02,0.00,0.04,0.03,0.01,0.04,0.13,0.00,0.00,0.00,0.00,0.00,0.00,0.00,0.3
077:(03/18),0.00,0.00,0.00,0.00,0.00,0.69,0.93,0.37,0.09,0.09,0.52,0.03,0.02,0.02,0.05,0.03,0.04,0.00,0.00,0.00,0.00,0.00,0.00,0.00,2.9
078:(03/19),0.00,0.00,0.00,0.00,0.00,0.09,0.11,0.36,1.16,1.67,0.27,0.51,0.34,1.28,0.12,0.13,0.13,0.02,0.00,0.00,0.00,0.00,0.00,0.00,6.2
079:(03/20),0.00,0.00,0.00,0.00,0.00,0.34,0.33,0.45,0.46,0.25,0.76,0.33,0.16,0.07,0.09,0.25,0.40,0.00,0.00,0.00,0.00,0.00,0.00,0.00,3.9
080:(03/21),0.00,0.00,0.00,0.00,0.00,0.69,1.72,2.42,2.45,0.45,0.68,0.90,1.22,2.54,1.62,0.37,0.51,0.02,0.00,0.00,0.00,0.00,0.00,0.00,15.6
081:(03/22),0.00,0.00,0.00,0.00,0.00,0.05,0.02,0.02,0.01,0.03,0.04,0.00,0.00,0.53,2.39,2.02,1.42,0.05,0.00,0.00,0.00,0.00,0.00,0.00,6.6
082:(03/23),0.00,0.00,0.00,0.00,0.00,0.15,0.12,0.21,2.15,3.19,3.10,2.52,2.60,0.48,0.14,0.07,0.02,0.00,0.00,0.00,0.00,0.00,0.00,0.00,14.8
083:(03/24),0.00,0.00,0.00,0.00,0.00,0.40,0.25,0.33,2.46,2.85,2.95,3.02,1.94,0.81,1.17,0.40,0.53,0.02,0.00,0.00,0.00,0.00,0.00,0.00,17.1
084:(03/25),0.00,0.00,0.00,0.00,0.00,0.02,0.01,0.00,0.03,0.00,0.00,0.01,0.03,0.07,0.10,0.09,0.08,0.00,0.00,0.00,0.00,0.00,0.00,0.00,0.4
085:(03/26),0.00,0.00,0.00,0.00,0.00,0.05,0.02,0.04,0.08,0.27,2.33,0.55,0.12,0.48,0.82,0.97,0.67,0.10,0.00,0.00,0.00,0.00,0.00,0.00,6.5
086:(03/27),0.00,0.00,0.00,0.00,0.00,0.23,0.03,0.01,0.05,0.12,0.12,0.28,0.04,0.10,0.17,0.07,0.03,0.00,0.00,0.00,0.00,0.00,0.00,0.00,1.3
087:(03/28),0.00,0.00,0.00,0.00,0.00,1.01,1.03,1.00,1.19,2.15,2.10,2.22,2.00,1.50,1.12,1.08,0.31,0.10,0.00,0.00,0.00,0.00,0.00,0.00,16.8
088:(03/29),0.00,0.00,0.00,0.00,0.00,0.43,0.39,0.61,0.95,0.96,1.29,1.39,1.42,1.70,1.84,1.50,0.59,0.15,0.00,0.00,0.00,0.00,0.00,0.00,13.2
089:(03/30),0.00,0.00,0.00,0.00,0.00,0.03,0.00,0.00,0.05,0.00,0.00,0.00,0.00,0.06,0.00,0.02,0.03,0.02,0.00,0.00,0.00,0.00,0.00,0.00,0.2
090:(03/31),0.00,0.00,0.00,0.00,0.00,0.97,1.61,2.00,2.81,3.01,3.00,2.80,2.51,2.33,2.08,1.49,0.47,0.16,0.00,0.00,0.00,0.00,0.00,0.00,25.2
091:(04/01),0.00,0.00,0.00,0.00,0.00,0.03,0.13,0.63,1.30,0.66,0.31,0.81,0.10,0.11,0.07,0.13,0.04,0.00,0.00,0.00,0.00,0.00,0.00,0.00,4.3
092:(04/02),0.00,0.00,0.00,0.00,0.00,0.04,0.07,0.05,0.07,0.16,0.55,1.27,1.75,2.29,2.40,1.77,1.09,0.03,0.00,0.00,0.00,0.00,0.00,0.00,11.5
093:(04/03),0.00,0.00,0.00,0.00,0.00,0.13,0.37,1.74,2.84,3.51,3.49,3.41,3.40,3.34,3.11,2.55,1.73,0.16,0.00,0.00,0.00,0.00,0.00,0.00,29.8
094:(04/04),0.00,0.00,0.00,0.00,0.00,0.97,1.64,2.30,2.61,2.61,2.27,1.95,2.17,2.46,2.09,1.45,0.86,0.03,0.00,0.00,0.00,0.00,0.00,0.00,23.4
095:(04/05),0.00,0.00,0.00,0.00,0.00,0.48,1.10,1.21,1.32,1.39,1.00,0.95,0.78,0.57,0.25,0.63,0.18,0.03,0.00,0.00,0.00,0.00,0.00,0.00,9.9
096:(04/06),0.00,0.00,0.00,0.00,0.00,0.19,1.09,1.34,1.45,2.20,1.15,0.07,0.13,1.64,0.86,0.08,0.07,0.02,0.00,0.00,0.00,0.00,0.00,0.00,10.3
097:(04/07),0.00,0.00,0.00,0.00,0.00,0.00,0.00,0.00,0.01,0.00,0.10,0.18,0.59,2.28,1.41,0.71,0.04,0.00,0.00,0.00,0.00,0.00,0.00,0.00,5.3
098:(04/08),0.00,0.00,0.00,0.00,0.00,1.13,2.04,2.21,2.34,2.58,2.74,2.66,2.63,2.46,2.21,1.79,1.05,0.16,0.00,0.00,0.00,0.00,0.00,0.00,26.0
099:(04/09),0.00,0.00,0.00,0.00,0.00,0.36,1.20,1.44,1.70,1.88,1.48,0.55,0.00,0.00,0.01,0.00,0.01,0.00,0.00,0.00,0.00,0.00,0.00,0.00,8.6
100:(04/10),0.00,0.00,0.00,0.00,0.00,1.30,2.26,2.68,2.77,1.06,2.00,0.46,0.13,0.06,0.02,0.02,0.01,0.02,0.00,0.00,0.00,0.00,0.00,0.00,12.8
101:(04/11),0.00,0.00,0.00,0.00,0.00,0.44,0.33,1.48,0.40,0.08,0.09,0.07,0.06,0.02,0.02,0.00,0.01,0.00,0.00,0.00,0.00,0.00,0.00,0.00,3.0
102:(04/12),0.00,0.00,0.00,0.00,0.00,0.02,0.03,0.04,0.03,0.00,0.00,0.04,0.17,2.63,2.48,1.53,1.36,0.70,0.00,0.00,0.00,0.00,0.00,0.00,9.0
103:(04/13),0.00,0.00,0.00,0.00,0.00,1.28,2.20,2.44,2.58,2.48,0.82,0.38,1.44,2.00,1.72,1.33,0.90,0.36,0.00,0.00,0.00,0.00,0.00,0.00,19.9
104:(04/14),0.00,0.00,0.00,0.00,0.00,0.08,0.07,0.07,0.00,0.00,0.00,0.00,0.02,0.00,0.04,0.00,0.01,0.02,0.00,0.00,0.00,0.00,0.00,0.00,0.3
105:(04/15),0.00,0.00,0.00,0.00,0.00,0.83,1.78,2.24,2.38,2.23,0.56,2.40,2.07,0.96,1.47,1.05,0.20,0.04,0.00,0.00,0.00,0.00,0.00,0.00,18.2
106:(04/16),0.00,0.00,0.00,0.00,0.00,0.11,0.35,0.47,0.36,0.46,0.89,0.21,0.20,0.43,2.22,1.65,0.22,0.08,0.00,0.00,0.00,0.00,0.00,0.00,7.7
107:(04/17),0.00,0.00,0.00,0.00,0.00,0.04,0.19,1.02,1.18,2.14,1.78,1.57,1.74,1.92,1.34,0.17,0.19,0.08,0.00,0.00,0.00,0.00,0.00,0.00,13.4
108:(04/18),0.00,0.00,0.00,0.00,0.02,0.48,0.27,1.75,0.49,0.58,0.46,0.18,0.37,0.10,0.04,0.00,0.00,0.00,0.00,0.00,0.00,0.00,0.00,0.00,4.7
109:(04/19),0.00,0.00,0.00,0.00,0.00,0.01,0.00,0.00,0.04,0.58,2.58,2.57,1.19,0.31,0.04,0.06,0.04,0.04,0.00,0.00,0.00,0.00,0.00,0.00,7.5
110:(04/20),0.00,0.00,0.00,0.00,0.04,1.72,2.60,2.92,3.15,3.23,3.22,3.13,2.99,2.77,2.42,1.97,1.34,0.90,0.00,0.00,0.00,0.00,0.00,0.00,32.4
111:(04/21),0.00,0.00,0.00,0.00,0.01,0.40,2.02,2.21,2.25,2.28,2.31,2.43,1.92,1.36,0.33,0.77,0.71,0.25,0.00,0.00,0.00,0.00,0.00,0.00,19.3
112:(04/22),0.00,0.00,0.00,0.00,0.00,0.00,0.00,0.01,0.05,0.00,0.03,0.02,0.13,0.72,0.14,0.16,0.10,0.04,0.00,0.00,0.00,0.00,0.00,0.00,1.4
113:(04/23),0.00,0.00,0.00,0.00,0.00,0.04,0.03,0.07,0.14,0.13,0.11,0.09,0.42,0.25,0.06,0.00,0.01,0.15,0.00,0.00,0.00,0.00,0.00,0.00,1.5
114:(04/24),0.00,0.00,0.00,0.00,0.09,1.79,2.27,1.86,2.88,2.66,2.30,2.61,0.26,1.64,1.79,0.34,0.15,0.08,0.00,0.00,0.00,0.00,0.00,0.00,20.7
115:(04/25),0.00,0.00,0.00,0.00,0.00,0.00,0.01,0.00,0.01,0.08,0.00,0.00,0.21,0.17,0.09,0.02,0.01,0.01,0.00,0.00,0.00,0.00,0.00,0.00,0.6
116:(04/26),0.00,0.00,0.00,0.00,0.00,0.00,0.00,0.04,0.11,0.05,0.84,0.90,0.16,0.07,0.32,0.73,0.08,0.24,0.00,0.00,0.00,0.00,0.00,0.00,3.5
117:(04/27),0.00,0.00,0.00,0.00,0.09,1.35,2.22,2.20,1.92,1.98,2.13,2.27,2.03,1.74,0.40,0.12,0.07,0.03,0.00,0.00,0.00,0.00,0.00,0.00,18.6
118:(04/28),0.00,0.00,0.00,0.00,0.01,0.18,0.33,0.32,0.20,0.17,0.15,0.63,0.15,0.16,0.15,0.09,0.02,0.01,0.00,0.00,0.00,0.00,0.00,0.00,2.6
119:(04/29),0.00,0.00,0.00,0.00,0.25,0.58,0.52,0.83,2.21,2.52,2.76,2.87,0.75,0.48,0.25,0.10,0.01,0.00,0.00,0.00,0.00,0.00,0.00,0.00,14.1
120:(04/30),0.00,0.00,0.00,0.00,0.00,0.01,0.01,0.02,0.00,0.00,0.02,0.05,0.13,0.20,0.89,0.69,0.08,0.04,0.00,0.00,0.00,0.00,0.00,0.00,2.1
121:(05/01),0.00,0.00,0.00,0.00,0.00,0.00,0.02,0.04,0.00,0.09,0.05,0.65,0.54,0.59,0.77,0.33,0.33,0.44,0.00,0.00,0.00,0.00,0.00,0.00,3.9
122:(05/02),0.00,0.00,0.00,0.00,0.00,0.00,0.01,0.03,0.00,0.00,0.00,0.00,0.00,0.01,0.03,0.02,0.01,0.00,0.00,0.00,0.00,0.00,0.00,0.00,0.1
123:(05/03),0.00,0.00,0.00,0.00,0.01,0.02,0.03,0.08,0.12,0.09,0.04,0.00,0.00,0.03,0.05,0.03,0.03,0.01,0.00,0.00,0.00,0.00,0.00,0.00,0.5
124:(05/04),0.00,0.00,0.00,0.00,0.01,0.00,0.04,0.11,0.23,0.61,0.69,0.16,0.10,0.09,0.05,0.01,0.01,0.00,0.00,0.00,0.00,0.00,0.00,0.00,2.1
125:(05/05),0.00,0.00,0.00,0.00,0.04,0.06,0.06,0.10,0.09,0.06,0.09,0.04,0.13,1.03,0.51,0.53,0.65,0.39,0.00,0.00,0.00,0.00,0.00,0.00,3.8
126:(05/06),0.00,0.00,0.00,0.00,0.09,0.54,0.54,1.17,2.11,1.84,1.14,1.63,2.25,0.72,0.07,0.11,0.11,0.10,0.00,0.00,0.00,0.00,0.00,0.00,12.4
127:(05/07),0.00,0.00,0.00,0.00,0.53,1.28,1.79,1.93,2.07,2.24,2.13,1.78,1.54,0.91,1.52,1.35,0.93,1.12,0.00,0.00,0.00,0.00,0.00,0.00,21.1
128:(05/08),0.00,0.00,0.00,0.00,0.15,0.19,0.16,0.29,1.73,2.32,2.70,2.04,1.71,2.06,1.58,1.25,0.43,0.20,0.00,0.00,0.00,0.00,0.00,0.00,16.8
129:(05/09),0.00,0.00,0.00,0.00,1.10,1.73,2.41,2.54,2.66,2.70,2.60,2.44,2.31,2.24,2.01,1.63,1.18,0.59,0.00,0.00,0.00,0.00,0.00,0.00,28.1
130:(05/10),0.00,0.00,0.00,0.00,0.53,0.68,1.17,0.71,0.90,1.33,1.50,1.64,1.46,1.53,1.39,0.83,0.39,0.14,0.00,0.00,0.00,0.00,0.00,0.00,14.2
131:(05/11),0.00,0.00,0.00,0.00,0.15,0.14,0.18,0.25,0.23,0.20,0.11,0.11,0.08,0.05,0.02,0.04,0.03,0.01,0.00,0.00,0.00,0.00,0.00,0.00,1.6
132:(05/12),0.00,0.00,0.00,0.00,0.01,0.01,0.02,0.02,0.02,0.00,0.00,0.05,0.04,0.02,0.11,0.58,1.11,0.48,0.00,0.00,0.00,0.00,0.00,0.00,2.5
133:(05/13),0.00,0.00,0.00,0.00,1.26,1.23,1.54,2.01,2.31,1.94,2.14,2.22,1.82,1.95,0.78,0.11,0.08,0.10,0.00,0.00,0.00,0.00,0.00,0.00,19.5
134:(05/14),0.00,0.00,0.00,0.00,0.34,0.46,0.85,1.12,1.51,1.45,1.37,1.41,1.18,1.05,1.06,1.01,0.88,0.26,0.00,0.00,0.00,0.00,0.00,0.00,14.0
135:(05/15),0.00,0.00,0.00,0.00,0.00,0.01,0.00,0.04,0.03,0.03,0.00,0.00,0.02,0.07,0.00,0.04,0.18,0.13,0.00,0.00,0.00,0.00,0.00,0.00,0.6
136:(05/16),0.00,0.00,0.00,0.00,0.84,1.40,1.99,2.37,2.51,2.56,2.51,2.08,1.24,1.85,1.77,1.36,0.95,0.45,0.00,0.00,0.00,0.00,0.00,0.00,23.9
137:(05/17),0.00,0.00,0.00,0.00,0.62,1.23,1.54,1.50,1.08,1.14,1.49,0.49,1.52,1.39,0.88,0.12,0.01,0.00,0.00,0.00,0.00,0.00,0.00,0.00,13.0
138:(05/18),0.00,0.00,0.00,0.00,0.00,0.01,0.02,0.04,0.06,0.60,0.91,0.20,1.57,2.18,1.64,0.72,0.82,0.53,0.00,0.00,0.00,0.00,0.00,0.00,9.3
139:(05/19),0.00,0.00,0.00,0.00,1.05,1.54,2.38,2.85,3.03,3.07,3.05,3.01,2.94,2.81,2.56,2.26,1.77,1.09,0.00,0.00,0.00,0.00,0.00,0.00,33.4
140:(05/20),0.00,0.00,0.00,0.00,0.00,0.01,0.07,0.19,0.40,1.04,1.16,0.60,1.27,2.32,2.14,1.91,1.45,0.86,0.00,0.00,0.00,0.00,0.00,0.00,13.4
141:(05/21),0.00,0.00,0.00,0.00,1.05,1.49,1.61,1.64,1.72,1.73,1.89,1.87,1.89,1.46,0.25,0.54,0.29,0.26,0.00,0.00,0.00,0.00,0.00,0.00,17.7
142:(05/22),0.00,0.00,0.00,0.00,0.03,0.05,0.03,0.00,0.07,0.86,1.03,2.43,2.65,2.55,2.06,0.49,1.40,0.86,0.00,0.00,0.00,0.00,0.00,0.00,14.5
143:(05/23),0.00,0.00,0.00,0.00,0.47,1.24,1.55,1.85,1.87,1.87,2.23,2.43,2.33,2.32,1.80,0.76,0.94,0.48,0.00,0.00,0.00,0.00,0.00,0.00,22.1
144:(05/24),0.00,0.00,0.00,0.00,0.16,0.19,0.93,1.44,1.75,1.87,2.22,2.41,2.63,2.73,2.56,2.09,1.36,0.34,0.01,0.00,0.00,0.00,0.00,0.00,22.7
145:(05/25),0.00,0.00,0.00,0.00,0.52,0.75,0.88,2.26,2.19,2.12,2.37,2.23,1.14,0.31,0.23,0.16,0.11,0.21,0.00,0.00,0.00,0.00,0.00,0.00,15.5
146:(05/26),0.00,0.00,0.00,0.00,0.59,1.02,1.33,0.36,0.89,0.75,0.11,0.03,0.10,0.06,0.03,0.01,0.01,0.00,0.00,0.00,0.00,0.00,0.00,0.00,5.3
147:(05/27),0.00,0.00,0.00,0.00,0.00,0.00,0.00,0.01,0.01,0.00,0.00,0.00,0.09,1.19,1.86,0.48,0.16,0.20,0.00,0.00,0.00,0.00,0.00,0.00,4.0
148:(05/28),0.00,0.00,0.00,0.00,0.00,0.02,0.04,0.05,0.02,0.22,0.16,0.13,0.28,0.16,0.38,2.02,0.56,0.22,0.01,0.00,0.00,0.00,0.00,0.00,4.3
149:(05/29),0.00,0.00,0.00,0.00,0.22,0.98,0.71,0.68,0.70,1.13,2.42,3.02,2.73,0.62,0.39,0.15,0.09,0.06,0.00,0.00,0.00,0.00,0.00,0.00,13.9
150:(05/30),0.00,0.00,0.00,0.00,0.00,0.00,0.01,0.00,0.13,2.07,2.10,1.57,1.99,1.59,1.87,1.58,1.49,1.25,0.01,0.00,0.00,0.00,0.00,0.00,15.7
151:(05/31),0.00,0.00,0.00,0.00,0.27,0.52,1.04,0.24,0.03,0.09,0.79,0.86,1.04,1.19,1.25,0.31,0.14,0.08,0.00,0.00,0.00,0.00,0.00,0.00,7.9
152:(06/01),0.00,0.00,0.00,0.00,0.40,0.52,0.74,0.69,0.98,1.97,1.18,1.78,2.50,2.31,2.14,1.85,1.37,0.78,0.01,0.00,0.00,0.00,0.00,0.00,19.2
153:(06/02),0.00,0.00,0.00,0.00,0.11,0.22,0.37,1.43,1.19,1.01,0.15,0.14,0.12,0.13,0.12,0.07,0.04,0.01,0.00,0.00,0.00,0.00,0.00,0.00,5.1
154:(06/03),0.00,0.00,0.00,0.00,0.01,0.01,0.03,0.01,0.00,0.00,0.57,0.67,0.60,1.74,1.81,1.10,1.26,0.73,0.01,0.00,0.00,0.00,0.00,0.00,8.6
155:(06/04),0.00,0.00,0.00,0.00,0.11,0.34,1.46,1.84,1.57,1.26,1.46,1.57,0.07,0.04,1.75,1.22,0.31,0.10,0.01,0.00,0.00,0.00,0.00,0.00,13.1
156:(06/05),0.00,0.00,0.00,0.00,0.14,0.11,0.10,0.11,0.02,0.00,0.00,0.00,0.07,0.37,0.17,0.17,0.06,0.01,0.00,0.00,0.00,0.00,0.00,0.00,1.3
157:(06/06),0.00,0.00,0.00,0.00,0.05,0.03,0.00,0.04,0.07,0.09,0.12,0.04,0.13,0.57,1.30,0.13,0.04,0.04,0.01,0.00,0.00,0.00,0.00,0.00,2.7
158:(06/07),0.00,0.00,0.00,0.00,0.00,0.00,0.03,0.06,0.12,0.11,0.12,0.20,0.32,0.26,0.10,0.15,0.02,0.01,0.00,0.00,0.00,0.00,0.00,0.00,1.5
159:(06/08),0.00,0.00,0.00,0.00,0.03,0.10,0.14,0.08,0.00,0.06,0.19,0.10,0.13,1.03,0.18,0.04,0.03,0.01,0.00,0.00,0.00,0.00,0.00,0.00,2.1
160:(06/09),0.00,0.00,0.00,0.00,0.01,0.01,0.01,0.02,0.07,0.09,0.00,0.00,0.00,0.00,0.05,0.07,0.21,0.37,0.02,0.00,0.00,0.00,0.00,0.00,0.9
161:(06/10),0.00,0.00,0.00,0.00,0.50,1.01,1.43,1.65,1.62,1.66,1.86,1.84,1.88,1.92,1.78,1.27,0.07,0.00,0.00,0.00,0.00,0.00,0.00,0.00,18.5
162:(06/11),0.00,0.00,0.00,0.00,0.02,0.04,0.14,0.57,1.83,1.68,1.78,1.55,1.57,0.73,0.12,0.04,0.40,0.26,0.00,0.00,0.00,0.00,0.00,0.00,10.7
163:(06/12),0.00,0.00,0.00,0.00,0.22,0.71,1.46,0.72,0.36,0.05,0.12,1.74,1.71,0.89,0.67,1.04,0.22,0.06,0.00,0.00,0.00,0.00,0.00,0.00,10.0
164:(06/13),0.00,0.00,0.00,0.00,0.09,0.15,0.29,0.13,0.15,0.66,0.14,0.43,0.17,0.06,0.05,0.01,0.02,0.02,0.00,0.00,0.00,0.00,0.00,0.00,2.4
165:(06/14),0.00,0.00,0.00,0.00,0.00,0.00,0.00,0.04,0.00,0.00,0.00,0.07,0.20,0.15,0.70,0.10,0.13,0.27,0.02,0.00,0.00,0.00,0.00,0.00,1.7
166:(06/15),0.00,0.00,0.00,0.00,0.08,0.11,1.11,1.01,1.11,0.39,1.16,0.69,1.02,0.73,0.32,0.09,0.04,0.00,0.00,0.00,0.00,0.00,0.00,0.00,7.9
167:(06/16),0.00,0.00,0.00,0.00,0.05,0.43,1.01,1.05,0.42,0.64,1.28,1.31,1.15,0.88,0.10,0.25,0.13,0.07,0.00,0.00,0.00,0.00,0.00,0.00,8.8
168:(06/17),0.00,0.00,0.00,0.00,0.05,0.13,0.16,0.24,0.64,1.08,1.27,1.60,1.67,1.59,1.47,1.22,0.86,0.36,0.02,0.00,0.00,0.00,0.00,0.00,12.4
169:(06/18),0.00,0.00,0.00,0.00,0.35,0.46,0.81,0.76,0.38,0.72,0.35,0.60,1.69,1.50,0.31,0.06,0.02,0.01,0.00,0.00,0.00,0.00,0.00,0.00,8.0
170:(06/19),0.00,0.00,0.00,0.00,0.00,0.02,0.00,0.03,0.00,0.00,0.00,0.00,0.00,0.00,0.00,0.04,0.03,0.01,0.00,0.00,0.00,0.00,0.00,0.00,0.1
171:(06/20),0.00,0.00,0.00,0.00,0.03,0.06,0.01,0.02,0.93,0.29,0.25,0.32,0.29,0.28,0.47,0.29,0.36,0.38,0.02,0.00,0.00,0.00,0.00,0.00,4.0
172:(06/21),0.00,0.00,0.00,0.00,0.15,0.64,0.79,0.56,0.82,0.36,1.06,1.17,0.28,0.00,0.03,0.03,0.04,0.03,0.00,0.00,0.00,0.00,0.00,0.00,6.0
173:(06/22),0.00,0.00,0.00,0.00,0.37,0.29,0.16,0.13,0.37,0.20,0.07,0.35,0.90,0.93,0.90,0.75,0.46,0.12,0.00,0.00,0.00,0.00,0.00,0.00,6.0
174:(06/23),0.00,0.00,0.00,0.00,0.01,0.02,0.01,0.01,0.00,0.00,0.20,0.27,0.00,0.00,0.05,0.02,0.01,0.02,0.00,0.00,0.00,0.00,0.00,0.00,0.6
175:(06/24),0.00,0.00,0.00,0.00,0.20,0.35,0.13,0.08,0.14,0.25,0.22,0.15,0.06,0.09,0.13,0.37,0.09,0.00,0.00,0.00,0.00,0.00,0.00,0.00,2.3
176:(06/25),0.00,0.00,0.00,0.00,0.02,0.08,0.29,0.38,0.20,0.47,0.04,0.12,0.09,0.05,0.25,0.45,0.59,0.36,0.02,0.00,0.00,0.00,0.00,0.00,3.4
177:(06/26),0.00,0.00,0.00,0.00,0.22,0.12,0.06,0.00,0.00,0.00,0.26,0.33,0.00,0.00,0.00,0.03,0.01,0.02,0.00,0.00,0.00,0.00,0.00,0.00,1.1
178:(06/27),0.00,0.00,0.00,0.00,0.35,0.46,1.23,1.25,1.50,1.27,0.91,0.73,0.64,0.88,0.50,0.78,0.61,0.23,0.00,0.00,0.00,0.00,0.00,0.00,11.3
179:(06/28),0.00,0.00,0.00,0.00,0.23,0.27,0.45,0.62,0.45,0.11,0.12,0.94,0.87,0.11,0.05,0.02,0.02,0.01,0.00,0.00,0.00,0.00,0.00,0.00,4.3
180:(06/29),0.00,0.00,0.00,0.00,0.03,0.05,0.06,0.10,0.14,0.06,0.03,0.00,0.00,0.01,0.00,0.03,0.00,0.00,0.00,0.00,0.00,0.00,0.00,0.00,0.5
181:(06/30),0.00,0.00,0.00,0.00,0.05,0.01,0.02,0.00,0.00,0.00,0.00,0.29,0.19,0.00,0.00,0.03,0.00,0.01,0.00,0.00,0.00,0.00,0.00,0.00,0.6
182:(07/01),0.00,0.00,0.00,0.00,0.40,0.20,0.18,0.21,0.27,0.28,0.53,0.19,0.27,0.50,0.29,0.10,0.20,0.28,0.05,0.00,0.00,0.00,0.00,0.00,4.0
183:(07/02),0.00,0.00,0.00,0.00,0.34,0.90,1.30,0.63,1.40,0.75,0.34,0.23,0.45,0.92,0.74,0.32,0.58,0.47,0.02,0.00,0.00,0.00,0.00,0.00,9.4
184:(07/03),0.00,0.00,0.00,0.00,0.21,0.72,1.08,1.28,1.61,1.93,2.19,2.39,2.32,1.73,1.35,1.33,0.31,0.01,0.00,0.00,0.00,0.00,0.00,0.00,18.5
185:(07/04),0.00,0.00,0.00,0.00,0.36,0.70,1.55,2.04,2.24,1.90,1.93,2.38,2.22,1.33,1.13,0.46,0.24,0.20,0.00,0.00,0.00,0.00,0.00,0.00,18.7
186:(07/05),0.00,0.00,0.00,0.00,0.38,0.29,0.35,0.61,0.69,0.12,0.00,0.24,0.21,0.00,0.00,0.02,0.01,0.00,0.00,0.00,0.00,0.00,0.00,0.00,2.9
187:(07/06),0.00,0.00,0.00,0.00,0.41,0.27,1.19,2.58,1.92,2.64,2.53,2.45,2.42,1.78,1.02,0.38,0.12,0.16,0.02,0.00,0.00,0.00,0.00,0.00,19.9
188:(07/07),0.00,0.00,0.00,0.00,0.13,0.04,0.04,0.00,0.06,0.00,0.08,0.05,0.00,0.00,0.00,0.00,0.00,0.00,0.00,0.00,0.00,0.00,0.00,0.00,0.4
189:(07/08),0.00,0.00,0.00,0.00,0.02,0.00,0.01,0.04,0.00,0.00,0.00,0.00,0.00,0.00,0.00,0.00,0.01,0.00,0.00,0.00,0.00,0.00,0.00,0.00,0.1
190:(07/09),0.00,0.00,0.00,0.00,0.00,0.01,0.00,0.02,0.00,0.25,0.24,0.26,0.26,0.21,0.00,0.01,0.01,0.01,0.00,0.00,0.00,0.00,0.00,0.00,1.3
191:(07/10),0.00,0.00,0.00,0.00,0.00,0.01,0.02,0.04,0.00,0.00,0.31,0.26,0.20,0.22,0.04,0.01,0.02,0.02,0.00,0.00,0.00,0.00,0.00,0.00,1.2
192:(07/11),0.00,0.00,0.00,0.00,0.71,0.30,1.65,1.99,1.96,2.73,2.65,2.62,2.56,2.50,2.43,2.22,1.04,0.41,0.02,0.00,0.00,0.00,0.00,0.00,25.8
193:(07/12),0.00,0.00,0.00,0.00,0.91,1.24,1.73,1.98,2.01,1.87,1.73,1.64,1.68,1.64,1.26,0.90,0.72,0.24,0.02,0.00,0.00,0.00,0.00,0.00,19.6
194:(07/13),0.00,0.00,0.00,0.00,0.52,0.89,1.27,1.51,1.69,1.82,1.97,2.11,2.17,2.13,1.92,1.54,1.06,0.38,0.02,0.00,0.00,0.00,0.00,0.00,21.0
195:(07/14),0.00,0.00,0.00,0.00,0.41,0.21,0.42,0.95,1.12,1.44,1.77,1.92,1.76,1.62,1.66,1.52,1.06,0.28,0.00,0.00,0.00,0.00,0.00,0.00,16.1
196:(07/15),0.00,0.00,0.00,0.00,0.78,0.39,0.29,0.17,1.20,1.32,1.40,0.34,0.54,1.64,0.92,0.67,0.03,0.03,0.00,0.00,0.00,0.00,0.00,0.00,9.7
197:(07/16),0.00,0.00,0.00,0.00,0.51,0.19,0.13,0.14,0.30,0.94,1.20,1.40,1.75,2.07,1.88,1.56,1.33,0.75,0.02,0.00,0.00,0.00,0.00,0.00,14.2
198:(07/17),0.00,0.00,0.00,0.00,0.91,0.96,1.29,1.58,1.85,2.00,2.16,2.28,2.34,2.22,1.91,1.31,0.59,0.33,0.02,0.00,0.00,0.00,0.00,0.00,21.8
199:(07/18),0.00,0.00,0.00,0.00,0.98,0.48,0.74,1.05,1.25,1.30,1.47,1.75,1.92,1.83,1.47,1.05,0.65,0.21,0.02,0.00,0.00,0.00,0.00,0.00,16.2
200:(07/19),0.00,0.00,0.00,0.00,0.34,0.69,0.99,1.25,1.39,1.24,1.04,1.16,1.49,1.48,0.27,0.04,0.04,0.08,0.00,0.00,0.00,0.00,0.00,0.00,11.5
201:(07/20),0.00,0.00,0.00,0.00,0.10,0.12,0.07,0.08,0.20,2.03,0.33,0.18,0.10,0.14,0.08,0.07,0.07,0.05,0.00,0.00,0.00,0.00,0.00,0.00,3.6
202:(07/21),0.00,0.00,0.00,0.00,0.00,0.00,0.00,0.00,0.16,0.16,0.18,0.00,0.09,0.06,0.14,0.23,0.44,0.33,0.02,0.00,0.00,0.00,0.00,0.00,1.8
203:(07/22),0.00,0.00,0.00,0.00,0.05,0.01,0.02,0.03,0.05,0.09,0.10,0.12,0.30,0.08,0.07,0.00,0.00,0.00,0.00,0.00,0.00,0.00,0.00,0.00,0.9
204:(07/23),0.00,0.00,0.00,0.00,0.00,0.00,0.01,0.03,0.00,0.00,0.00,0.00,0.00,0.00,0.00,0.00,0.00,0.01,0.00,0.00,0.00,0.00,0.00,0.00,0.1
205:(07/24),0.00,0.00,0.00,0.00,0.05,0.01,0.00,0.04,0.07,0.09,0.07,0.46,0.45,0.63,1.36,0.48,1.03,0.21,0.00,0.00,0.00,0.00,0.00,0.00,5.0
206:(07/25),0.00,0.00,0.00,0.00,0.16,0.06,0.12,0.35,0.36,0.44,1.15,1.29,1.43,1.45,1.52,1.59,1.35,0.88,0.00,0.00,0.00,0.00,0.00,0.00,12.2
207:(07/26),0.00,0.00,0.00,0.00,0.25,0.77,0.94,0.34,1.16,1.61,1.83,1.96,2.18,2.20,1.94,1.67,1.29,0.71,0.00,0.00,0.00,0.00,0.00,0.00,18.9
208:(07/27),0.00,0.00,0.00,0.00,0.36,0.88,1.38,1.72,1.93,2.14,2.29,2.29,2.34,2.31,2.07,1.47,1.19,0.87,0.00,0.00,0.00,0.00,0.00,0.00,23.2
209:(07/28),0.00,0.00,0.00,0.00,0.36,0.68,0.99,1.39,1.67,1.84,2.10,2.21,2.25,2.18,1.60,0.91,0.51,0.63,0.00,0.00,0.00,0.00,0.00,0.00,19.3
210:(07/29),0.00,0.00,0.00,0.00,0.25,0.65,0.89,0.79,1.60,1.73,1.61,1.50,1.57,0.51,0.00,0.06,0.15,0.19,0.00,0.00,0.00,0.00,0.00,0.00,11.5
211:(07/30),0.00,0.00,0.00,0.00,0.36,0.33,0.88,0.25,0.12,0.56,1.61,0.18,0.16,0.24,0.35,0.14,0.09,0.10,0.00,0.00,0.00,0.00,0.00,0.00,5.4
212:(07/31),0.00,0.00,0.00,0.00,0.36,0.97,1.48,0.91,2.36,2.18,2.11,2.33,2.43,2.37,1.98,0.63,0.15,0.10,0.00,0.00,0.00,0.00,0.00,0.00,20.4
213:(08/01),0.00,0.00,0.00,0.00,0.16,0.38,1.89,2.02,0.84,0.95,1.49,1.47,2.12,2.06,1.81,1.46,1.14,0.44,0.00,0.00,0.00,0.00,0.00,0.00,18.2
214:(08/02),0.00,0.00,0.00,0.00,0.05,0.26,0.76,0.77,0.42,0.47,0.60,1.06,1.26,1.29,1.19,0.85,0.51,0.15,0.00,0.00,0.00,0.00,0.00,0.00,9.6
215:(08/03),0.00,0.00,0.00,0.00,0.01,0.00,0.03,0.08,0.13,0.27,0.20,1.15,1.27,1.36,1.37,1.21,0.52,0.06,0.00,0.00,0.00,0.00,0.00,0.00,7.7
216:(08/04),0.00,0.00,0.00,0.00,0.10,0.51,0.86,1.11,1.12,1.42,1.51,1.65,1.74,1.67,0.65,0.20,1.34,1.06,0.00,0.00,0.00,0.00,0.00,0.00,14.9
217:(08/05),0.00,0.00,0.00,0.00,0.10,0.11,0.04,0.03,0.09,0.26,0.16,0.11,0.03,0.00,0.00,0.02,0.01,0.00,0.00,0.00,0.00,0.00,0.00,0.00,1.0
218:(08/06),0.00,0.00,0.00,0.00,0.02,0.04,0.03,0.21,0.22,0.46,0.16,0.03,0.00,0.00,0.42,0.27,0.12,0.11,0.00,0.00,0.00,0.00,0.00,0.00,2.1
219:(08/07),0.00,0.00,0.00,0.00,0.02,0.13,0.25,0.79,0.11,0.05,0.20,0.91,1.29,1.19,1.02,0.48,0.11,0.06,0.00,0.00,0.00,0.00,0.00,0.00,6.6
220:(08/08),0.00,0.00,0.00,0.00,0.00,0.00,0.00,0.03,0.00,0.06,0.42,0.17,0.56,0.19,0.13,0.22,0.90,0.21,0.00,0.00,0.00,0.00,0.00,0.00,2.9
221:(08/09),0.00,0.00,0.00,0.00,0.16,0.64,1.26,2.16,2.07,2.06,2.23,2.32,2.32,2.27,2.18,1.97,1.50,0.91,0.00,0.00,0.00,0.00,0.00,0.00,24.1
222:(08/10),0.00,0.00,0.00,0.00,0.10,1.21,1.86,2.10,2.22,2.33,2.34,2.34,2.29,2.19,2.06,1.83,1.40,0.78,0.00,0.00,0.00,0.00,0.00,0.00,25.1
223:(08/11),0.00,0.00,0.00,0.00,0.05,0.34,0.19,0.17,1.01,0.57,0.17,0.16,1.41,1.42,1.37,1.17,0.67,0.17,0.00,0.00,0.00,0.00,0.00,0.00,8.9
224:(08/12),0.00,0.00,0.00,0.00,0.00,0.01,0.00,0.01,0.06,0.05,0.09,0.02,0.10,0.31,0.95,0.28,0.32,0.23,0.00,0.00,0.00,0.00,0.00,0.00,2.4
225:(08/13),0.00,0.00,0.00,0.00,0.05,0.58,0.28,0.11,0.13,0.59,0.51,1.03,1.23,1.60,0.72,1.42,0.18,0.07,0.00,0.00,0.00,0.00,0.00,0.00,8.5
226:(08/14),0.00,0.00,0.00,0.00,0.00,0.00,0.00,0.02,0.00,0.00,0.04,0.05,0.00,0.06,0.05,0.12,0.14,0.10,0.00,0.00,0.00,0.00,0.00,0.00,0.6
227:(08/15),0.00,0.00,0.00,0.00,0.01,0.02,0.02,0.01,0.05,0.07,0.02,0.00,0.26,0.08,0.16,0.14,0.47,0.08,0.00,0.00,0.00,0.00,0.00,0.00,1.4
228:(08/16),0.00,0.00,0.00,0.00,0.00,0.10,0.23,0.25,0.06,0.03,0.10,0.00,0.13,0.20,0.09,0.05,0.05,0.05,0.00,0.00,0.00,0.00,0.00,0.00,1.3
229:(08/17),0.00,0.00,0.00,0.00,0.01,0.17,0.19,0.21,0.42,1.84,0.08,0.01,0.06,0.00,0.00,0.07,0.67,0.47,0.00,0.00,0.00,0.00,0.00,0.00,4.2
230:(08/18),0.00,0.00,0.00,0.00,0.01,0.23,0.81,0.62,0.45,0.24,0.08,0.19,0.23,0.17,0.17,1.14,0.46,0.27,0.00,0.00,0.00,0.00,0.00,0.00,5.1
231:(08/19),0.00,0.00,0.00,0.00,0.01,0.51,1.70,0.47,0.07,0.16,0.24,1.18,1.06,0.76,1.58,1.14,0.72,0.14,0.00,0.00,0.00,0.00,0.00,0.00,9.7
232:(08/20),0.00,0.00,0.00,0.00,0.01,0.45,1.12,1.37,1.32,1.17,1.27,1.44,1.66,2.04,2.00,1.59,1.12,0.56,0.00,0.00,0.00,0.00,0.00,0.00,17.1
233:(08/21),0.00,0.00,0.00,0.00,0.01,0.17,0.72,0.23,0.24,0.63,0.81,1.00,0.55,0.34,0.22,0.57,0.16,0.11,0.00,0.00,0.00,0.00,0.00,0.00,5.8
234:(08/22),0.00,0.00,0.00,0.00,0.01,0.01,0.02,0.04,0.06,0.11,0.11,0.23,1.02,0.45,1.29,1.28,0.74,0.81,0.00,0.00,0.00,0.00,0.00,0.00,6.2
235:(08/23),0.00,0.00,0.00,0.00,0.01,0.14,0.15,0.17,0.17,0.16,0.26,0.91,1.23,1.82,0.91,0.06,0.01,0.01,0.00,0.00,0.00,0.00,0.00,0.00,6.0
236:(08/24),0.00,0.00,0.00,0.00,0.01,0.17,1.09,1.79,2.06,2.04,2.17,2.37,2.31,2.20,1.11,0.97,0.36,0.74,0.00,0.00,0.00,0.00,0.00,0.00,19.4
237:(08/25),0.00,0.00,0.00,0.00,0.00,0.05,0.11,0.10,0.15,0.20,0.28,0.15,0.76,0.61,0.63,0.15,0.12,0.04,0.00,0.00,0.00,0.00,0.00,0.00,3.4
238:(08/26),0.00,0.00,0.00,0.00,0.00,0.00,0.00,0.00,0.02,0.08,0.03,0.09,0.19,0.27,0.11,0.13,0.16,0.01,0.00,0.00,0.00,0.00,0.00,0.00,1.1
239:(08/27),0.00,0.00,0.00,0.00,0.01,0.19,0.91,1.17,1.42,1.52,1.25,1.38,1.35,1.29,0.95,0.59,0.29,0.35,0.00,0.00,0.00,0.00,0.00,0.00,12.7
240:(08/28),0.00,0.00,0.00,0.00,0.00,0.15,1.13,1.37,1.58,1.77,1.73,1.37,1.16,1.09,0.76,0.56,0.17,0.09,0.00,0.00,0.00,0.00,0.00,0.00,12.9
241:(08/29),0.00,0.00,0.00,0.00,0.01,0.13,0.18,0.62,0.71,1.15,1.86,1.42,1.36,1.35,1.27,0.97,0.26,0.05,0.00,0.00,0.00,0.00,0.00,0.00,11.3
242:(08/30),0.00,0.00,0.00,0.00,0.01,0.40,0.35,0.98,1.10,1.24,1.44,0.52,0.57,1.11,0.89,0.32,0.16,0.09,0.00,0.00,0.00,0.00,0.00,0.00,9.2
243:(08/31),0.00,0.00,0.00,0.00,0.01,0.23,1.08,1.41,1.62,1.45,0.34,0.55,1.02,0.91,0.52,0.86,0.25,0.04,0.00,0.00,0.00,0.00,0.00,0.00,10.3
244:(09/01),0.00,0.00,0.00,0.00,0.00,0.21,0.76,0.62,0.11,0.06,0.17,0.60,0.25,0.13,0.06,0.10,0.02,0.01,0.00,0.00,0.00,0.00,0.00,0.00,3.1
245:(09/02),0.00,0.00,0.00,0.00,0.01,0.62,1.40,1.51,1.63,1.86,1.98,0.55,0.27,0.15,0.05,0.00,0.01,0.01,0.00,0.00,0.00,0.00,0.00,0.00,10.1
246:(09/03),0.00,0.00,0.00,0.00,0.00,0.05,0.09,0.12,0.56,0.45,0.64,1.09,0.32,1.29,1.35,0.50,0.56,0.04,0.00,0.00,0.00,0.00,0.00,0.00,7.1
247:(09/04),0.00,0.00,0.00,0.00,0.00,0.49,1.06,1.32,1.03,0.82,1.20,1.60,1.66,1.59,1.31,0.98,0.56,0.04,0.00,0.00,0.00,0.00,0.00,0.00,13.7
248:(09/05),0.00,0.00,0.00,0.00,0.00,0.64,1.31,1.66,1.49,1.11,1.05,0.84,0.89,0.44,0.20,0.37,0.09,0.01,0.00,0.00,0.00,0.00,0.00,0.00,10.1
249:(09/06),0.00,0.00,0.00,0.00,0.00,0.15,0.90,1.25,1.54,0.85,1.30,0.82,1.62,1.72,0.64,0.95,0.55,0.09,0.00,0.00,0.00,0.00,0.00,0.00,12.4
250:(09/07),0.00,0.00,0.00,0.00,0.00,1.10,1.09,1.77,0.99,0.39,0.71,1.54,1.54,0.89,1.42,0.44,0.24,0.01,0.00,0.00,0.00,0.00,0.00,0.00,12.1
251:(09/08),0.00,0.00,0.00,0.00,0.00,0.12,0.22,0.09,0.01,0.14,0.60,1.12,1.08,0.93,0.74,0.13,0.01,0.00,0.00,0.00,0.00,0.00,0.00,0.00,5.2
252:(09/09),0.00,0.00,0.00,0.00,0.00,0.44,1.29,1.72,1.90,2.01,1.92,1.15,0.96,1.12,1.30,0.99,0.28,0.01,0.00,0.00,0.00,0.00,0.00,0.00,15.1
253:(09/10),0.00,0.00,0.00,0.00,0.00,0.41,2.46,2.39,1.64,2.03,0.82,0.52,1.11,2.48,1.50,0.16,0.25,0.01,0.00,0.00,0.00,0.00,0.00,0.00,15.8
254:(09/11),0.00,0.00,0.00,0.00,0.00,1.50,1.10,2.90,3.23,2.67,2.65,2.46,2.56,2.63,2.32,1.20,0.39,0.00,0.00,0.00,0.00,0.00,0.00,0.00,25.6
255:(09/12),0.00,0.00,0.00,0.00,0.00,0.11,0.08,0.09,0.15,0.23,1.25,0.12,0.13,0.12,0.04,0.02,0.00,0.00,0.00,0.00,0.00,0.00,0.00,0.00,2.3
256:(09/13),0.00,0.00,0.00,0.00,0.00,0.36,0.65,0.12,0.04,0.14,0.21,0.22,0.11,0.13,0.00,0.00,0.00,0.00,0.00,0.00,0.00,0.00,0.00,0.00,2.0
257:(09/14),0.00,0.00,0.00,0.00,0.00,0.01,0.02,0.00,0.05,0.02,0.02,0.02,0.03,0.03,0.13,0.15,0.05,0.00,0.00,0.00,0.00,0.00,0.00,0.00,0.5
258:(09/15),0.00,0.00,0.00,0.00,0.00,0.00,0.01,0.00,0.11,0.17,0.00,0.00,0.03,0.05,0.06,0.10,0.04,0.00,0.00,0.00,0.00,0.00,0.00,0.00,0.6
259:(09/16),0.00,0.00,0.00,0.00,0.00,0.00,0.03,0.05,0.05,0.05,0.04,0.09,2.14,2.29,1.44,0.13,0.02,0.00,0.00,0.00,0.00,0.00,0.00,0.00,6.3
260:(09/17),0.00,0.00,0.00,0.00,0.00,0.19,0.27,0.89,0.75,0.97,0.66,1.19,0.37,0.15,0.18,0.34,0.44,0.00,0.00,0.00,0.00,0.00,0.00,0.00,6.4
261:(09/18),0.00,0.00,0.00,0.00,0.00,1.87,0.93,0.16,0.09,0.15,0.44,0.56,1.48,1.31,1.94,0.58,0.22,0.00,0.00,0.00,0.00,0.00,0.00,0.00,9.7
262:(09/19),0.00,0.00,0.00,0.00,0.00,0.14,0.54,0.38,0.42,0.13,0.12,0.06,0.03,0.08,0.08,1.40,0.93,0.00,0.00,0.00,0.00,0.00,0.00,0.00,4.3
263:(09/20),0.00,0.00,0.00,0.00,0.00,0.73,1.05,1.51,2.19,2.45,2.44,2.28,2.21,2.13,1.83,1.43,0.64,0.00,0.00,0.00,0.00,0.00,0.00,0.00,20.9
264:(09/21),0.00,0.00,0.00,0.00,0.00,0.37,0.69,0.28,0.47,0.71,0.09,0.05,0.77,1.62,1.62,1.48,0.71,0.00,0.00,0.00,0.00,0.00,0.00,0.00,8.9
265:(09/22),0.00,0.00,0.00,0.00,0.00,0.22,0.13,0.15,0.15,0.08,0.00,0.00,0.00,0.00,0.01,0.00,0.00,0.00,0.00,0.00,0.00,0.00,0.00,0.00,0.7
266:(09/23),0.00,0.00,0.00,0.00,0.00,0.01,0.01,0.02,0.02,0.11,0.11,0.28,0.23,1.08,1.32,0.94,0.19,0.00,0.00,0.00,0.00,0.00,0.00,0.00,4.3
267:(09/24),0.00,0.00,0.00,0.00,0.00,0.03,0.04,0.00,0.03,0.01,0.00,0.00,0.00,0.00,0.01,0.00,0.00,0.00,0.00,0.00,0.00,0.00,0.00,0.00,0.1
268:(09/25),0.00,0.00,0.00,0.00,0.00,0.05,0.04,0.02,0.01,0.02,0.13,0.78,0.47,0.50,0.14,0.23,1.37,0.00,0.00,0.00,0.00,0.00,0.00,0.00,3.8
269:(09/26),0.00,0.00,0.00,0.00,0.00,0.24,0.32,1.24,2.59,2.59,2.49,1.55,1.16,0.25,0.12,0.06,0.06,0.00,0.00,0.00,0.00,0.00,0.00,0.00,12.7
270:(09/27),0.00,0.00,0.00,0.00,0.00,0.00,0.01,0.02,0.02,0.04,0.06,0.06,0.00,0.00,0.02,0.00,0.00,0.00,0.00,0.00,0.00,0.00,0.00,0.00,0.2
271:(09/28),0.00,0.00,0.00,0.00,0.00,0.00,0.00,0.02,0.00,0.04,0.00,0.01,0.07,0.00,0.00,0.01,0.01,0.00,0.00,0.00,0.00,0.00,0.00,0.00,0.2
272:(09/29),0.00,0.00,0.00,0.00,0.00,0.00,0.00,0.01,0.00,0.05,0.00,0.00,0.01,0.03,0.11,0.19,0.10,0.00,0.00,0.00,0.00,0.00,0.00,0.00,0.5
273:(09/30),0.00,0.00,0.00,0.00,0.00,0.00,0.03,0.16,2.02,1.04,0.47,1.63,2.12,2.21,2.27,1.56,0.91,0.00,0.00,0.00,0.00,0.00,0.00,0.00,14.4
274:(10/01),0.00,0.00,0.00,0.00,0.00,0.15,0.35,0.29,1.03,0.76,0.93,0.56,0.28,0.11,0.06,0.11,0.37,0.00,0.00,0.00,0.00,0.00,0.00,0.00,5.0
275:(10/02),0.00,0.00,0.00,0.00,0.00,0.02,0.00,0.00,0.04,0.04,0.03,0.05,0.83,2.25,2.20,1.66,1.08,0.00,0.00,0.00,0.00,0.00,0.00,0.00,8.2
276:(10/03),0.00,0.00,0.00,0.00,0.00,0.19,1.00,1.66,1.82,1.45,2.19,1.70,1.70,1.69,1.57,1.11,0.41,0.00,0.00,0.00,0.00,0.00,0.00,0.00,16.5
277:(10/04),0.00,0.00,0.00,0.00,0.00,0.08,0.12,0.78,0.15,0.08,0.05,0.19,0.29,0.29,0.21,0.21,0.29,0.00,0.00,0.00,0.00,0.00,0.00,0.00,2.7
278:(10/05),0.00,0.00,0.00,0.00,0.00,0.60,1.06,0.26,0.18,0.02,0.00,0.05,0.06,0.07,0.04,0.00,0.00,0.00,0.00,0.00,0.00,0.00,0.00,0.00,2.3
279:(10/06),0.00,0.00,0.00,0.00,0.00,0.03,0.08,0.10,0.09,0.14,0.11,0.46,1.67,0.68,0.37,0.23,0.22,0.00,0.00,0.00,0.00,0.00,0.00,0.00,4.2
280:(10/07),0.00,0.00,0.00,0.00,0.00,0.07,0.08,0.32,0.25,0.21,0.10,0.04,0.04,0.03,0.01,0.00,0.00,0.00,0.00,0.00,0.00,0.00,0.00,0.00,1.2
281:(10/08),0.00,0.00,0.00,0.00,0.00,0.00,0.00,0.00,0.00,0.00,0.00,0.00,0.02,0.01,0.00,0.00,0.00,0.00,0.00,0.00,0.00,0.00,0.00,0.00,0.0
282:(10/09),0.00,0.00,0.00,0.00,0.00,0.02,0.04,0.09,0.21,0.52,0.25,0.15,0.13,0.43,0.59,0.68,0.70,0.00,0.00,0.00,0.00,0.00,0.00,0.00,3.8
283:(10/10),0.00,0.00,0.00,0.00,0.00,0.24,1.36,1.88,2.13,1.13,0.06,0.09,0.15,0.17,1.05,0.24,0.10,0.00,0.00,0.00,0.00,0.00,0.00,0.00,8.6
284:(10/11),0.00,0.00,0.00,0.00,0.00,0.10,0.28,3.38,3.17,2.65,1.02,0.61,0.36,0.11,0.05,0.02,0.02,0.00,0.00,0.00,0.00,0.00,0.00,0.00,11.8
285:(10/12),0.00,0.00,0.00,0.00,0.00,0.00,0.00,0.00,0.03,0.04,0.05,0.16,0.16,0.08,0.03,0.08,0.10,0.00,0.00,0.00,0.00,0.00,0.00,0.00,0.7
286:(10/13),0.00,0.00,0.00,0.00,0.00,0.05,0.27,0.25,0.59,0.51,0.75,1.21,1.30,1.60,1.71,1.23,0.23,0.00,0.00,0.00,0.00,0.00,0.00,0.00,9.7
287:(10/14),0.00,0.00,0.00,0.00,0.00,0.15,0.91,0.91,1.80,2.07,2.04,1.98,1.91,1.93,1.89,1.44,0.35,0.00,0.00,0.00,0.00,0.00,0.00,0.00,17.4
288:(10/15),0.00,0.00,0.00,0.00,0.00,0.23,1.25,1.91,2.24,2.41,2.19,2.19,2.15,2.04,1.95,1.38,0.15,0.00,0.00,0.00,0.00,0.00,0.00,0.00,20.1
289:(10/16),0.00,0.00,0.00,0.00,0.00,0.15,0.16,0.06,0.05,0.16,0.44,0.16,0.31,0.40,1.93,0.67,0.02,0.00,0.00,0.00,0.00,0.00,0.00,0.00,4.5
290:(10/17),0.00,0.00,0.00,0.00,0.00,0.15,1.23,2.03,2.44,2.68,2.77,2.74,2.58,2.38,1.91,1.09,0.10,0.00,0.00,0.00,0.00,0.00,0.00,0.00,22.1
291:(10/18),0.00,0.00,0.00,0.00,0.00,0.15,0.37,1.00,1.09,0.38,0.48,1.57,2.24,1.64,2.37,1.43,0.15,0.00,0.00,0.00,0.00,0.00,0.00,0.00,12.9
292:(10/19),0.00,0.00,0.00,0.00,0.00,0.05,0.16,0.81,0.43,0.45,0.32,0.62,0.48,0.53,0.19,0.32,0.02,0.00,0.00,0.00,0.00,0.00,0.00,0.00,4.4
293:(10/20),0.00,0.00,0.00,0.00,0.00,0.05,0.29,0.51,0.74,2.19,3.05,3.08,3.08,3.02,2.77,2.04,0.15,0.00,0.00,0.00,0.00,0.00,0.00,0.00,21.0
294:(10/21),0.00,0.00,0.00,0.00,0.00,0.15,1.59,2.59,2.76,2.74,2.71,2.67,2.59,2.59,2.35,1.62,0.05,0.00,0.00,0.00,0.00,0.00,0.00,0.00,24.4
295:(10/22),0.00,0.00,0.00,0.00,0.00,0.02,0.10,0.03,0.01,0.03,0.11,0.67,0.50,0.20,1.55,0.80,0.02,0.00,0.00,0.00,0.00,0.00,0.00,0.00,4.0
296:(10/23),0.00,0.00,0.00,0.00,0.00,0.23,0.65,1.29,2.21,2.26,2.28,2.27,1.72,1.83,1.53,0.85,0.02,0.00,0.00,0.00,0.00,0.00,0.00,0.00,17.1
297:(10/24),0.00,0.00,0.00,0.00,0.00,0.09,0.87,0.26,0.19,0.28,0.10,0.04,0.00,0.01,0.04,0.07,0.00,0.00,0.00,0.00,0.00,0.00,0.00,0.00,2.0
298:(10/25),0.00,0.00,0.00,0.00,0.00,0.00,0.05,0.87,2.43,2.04,2.27,3.10,3.10,3.03,2.64,1.43,0.02,0.00,0.00,0.00,0.00,0.00,0.00,0.00,21.0
299:(10/26),0.00,0.00,0.00,0.00,0.00,0.05,0.79,2.19,1.65,1.86,1.01,1.27,1.61,1.67,1.23,0.72,0.00,0.00,0.00,0.00,0.00,0.00,0.00,0.00,14.1
300:(10/27),0.00,0.00,0.00,0.00,0.00,0.09,1.63,2.30,2.38,2.62,2.93,2.92,2.84,2.59,1.99,0.65,0.00,0.00,0.00,0.00,0.00,0.00,0.00,0.00,22.9
301:(10/28),0.00,0.00,0.00,0.00,0.00,0.02,1.39,2.27,2.54,2.57,2.35,2.34,2.32,0.50,0.14,0.11,0.00,0.00,0.00,0.00,0.00,0.00,0.00,0.00,16.6
302:(10/29),0.00,0.00,0.00,0.00,0.00,0.00,0.05,0.10,0.10,0.07,0.11,0.35,2.47,0.45,0.47,0.41,0.00,0.00,0.00,0.00,0.00,0.00,0.00,0.00,4.6
303:(10/30),0.00,0.00,0.00,0.00,0.00,0.05,1.16,1.01,0.42,2.25,1.81,1.51,1.39,1.51,1.32,0.72,0.00,0.00,0.00,0.00,0.00,0.00,0.00,0.00,13.2
304:(10/31),0.00,0.00,0.00,0.00,0.00,0.02,0.29,1.62,0.46,0.23,0.13,1.38,0.83,0.34,0.04,0.01,0.00,0.00,0.00,0.00,0.00,0.00,0.00,0.00,5.4
305:(11/01),0.00,0.00,0.00,0.00,0.00,0.02,1.07,2.15,2.68,2.80,2.88,2.97,2.93,2.78,2.35,1.44,0.00,0.00,0.00,0.00,0.00,0.00,0.00,0.00,24.1
306:(11/02),0.00,0.00,0.00,0.00,0.00,0.02,1.20,2.01,2.41,2.50,2.50,2.31,1.93,1.47,1.05,0.67,0.00,0.00,0.00,0.00,0.00,0.00,0.00,0.00,18.1
307:(11/03),0.00,0.00,0.00,0.00,0.00,0.00,0.04,0.07,0.04,0.00,0.05,0.00,0.01,0.03,0.03,0.09,0.00,0.00,0.00,0.00,0.00,0.00,0.00,0.00,0.4
308:(11/04),0.00,0.00,0.00,0.00,0.00,0.01,1.87,2.73,3.06,3.18,3.23,3.19,3.04,2.74,2.10,0.93,0.00,0.00,0.00,0.00,0.00,0.00,0.00,0.00,26.1
309:(11/05),0.00,0.00,0.00,0.00,0.00,0.00,1.41,0.27,0.17,0.51,0.43,0.62,2.10,0.55,0.92,0.53,0.00,0.00,0.00,0.00,0.00,0.00,0.00,0.00,7.5
310:(11/06),0.00,0.00,0.00,0.00,0.00,0.00,0.00,0.00,0.01,0.00,0.00,0.03,0.01,0.02,0.00,0.00,0.00,0.00,0.00,0.00,0.00,0.00,0.00,0.00,0.1
311:(11/07),0.00,0.00,0.00,0.00,0.00,0.00,0.03,0.03,0.05,0.11,0.08,0.01,0.07,0.05,0.03,0.01,0.00,0.00,0.00,0.00,0.00,0.00,0.00,0.00,0.5
312:(11/08),0.00,0.00,0.00,0.00,0.00,0.00,0.01,0.00,0.04,0.16,0.70,1.86,2.68,2.85,2.30,1.39,0.00,0.00,0.00,0.00,0.00,0.00,0.00,0.00,12.0
313:(11/09),0.00,0.00,0.00,0.00,0.00,0.00,1.29,2.13,2.35,2.39,2.28,2.21,2.17,2.33,2.13,1.28,0.00,0.00,0.00,0.00,0.00,0.00,0.00,0.00,20.6
314:(11/10),0.00,0.00,0.00,0.00,0.00,0.00,0.86,1.56,1.91,2.02,2.07,2.16,2.07,1.74,1.26,0.66,0.00,0.00,0.00,0.00,0.00,0.00,0.00,0.00,16.3
315:(11/11),0.00,0.00,0.00,0.00,0.00,0.00,0.17,0.76,0.52,1.56,0.85,1.43,1.07,0.56,0.23,0.40,0.00,0.00,0.00,0.00,0.00,0.00,0.00,0.00,7.6
316:(11/12),0.00,0.00,0.00,0.00,0.00,0.00,0.29,0.70,0.98,1.24,1.19,1.24,1.26,1.08,0.87,0.67,0.00,0.00,0.00,0.00,0.00,0.00,0.00,0.00,9.5
317:(11/13),0.00,0.00,0.00,0.00,0.00,0.00,0.36,1.00,1.59,1.84,1.88,1.83,1.62,1.29,1.10,0.54,0.00,0.00,0.00,0.00,0.00,0.00,0.00,0.00,13.1
318:(11/14),0.00,0.00,0.00,0.00,0.00,0.00,0.01,0.01,0.02,0.03,0.00,0.00,0.02,0.01,0.00,0.00,0.00,0.00,0.00,0.00,0.00,0.00,0.00,0.00,0.1
319:(11/15),0.00,0.00,0.00,0.00,0.00,0.00,0.75,1.67,1.98,2.17,2.34,2.51,2.47,2.25,1.68,0.92,0.00,0.00,0.00,0.00,0.00,0.00,0.00,0.00,18.7
320:(11/16),0.00,0.00,0.00,0.00,0.00,0.00,0.98,1.84,2.25,2.43,2.39,2.23,2.10,1.82,1.19,0.76,0.00,0.00,0.00,0.00,0.00,0.00,0.00,0.00,18.0
321:(11/17),0.00,0.00,0.00,0.00,0.00,0.00,0.31,0.83,0.46,0.62,0.38,1.82,0.42,0.31,0.69,0.23,0.00,0.00,0.00,0.00,0.00,0.00,0.00,0.00,6.1
322:(11/18),0.00,0.00,0.00,0.00,0.00,0.00,0.05,0.07,0.09,0.50,0.20,1.24,0.53,0.22,0.17,0.20,0.00,0.00,0.00,0.00,0.00,0.00,0.00,0.00,3.3
323:(11/19),0.00,0.00,0.00,0.00,0.00,0.00,0.08,0.15,0.32,0.62,1.73,1.95,1.92,1.49,0.84,0.17,0.00,0.00,0.00,0.00,0.00,0.00,0.00,0.00,9.3
324:(11/20),0.00,0.00,0.00,0.00,0.00,0.00,0.05,0.06,0.28,0.11,0.03,0.01,0.06,0.11,0.24,0.10,0.00,0.00,0.00,0.00,0.00,0.00,0.00,0.00,1.1
325:(11/21),0.00,0.00,0.00,0.00,0.00,0.00,0.36,0.31,0.81,1.33,0.71,0.80,1.11,0.59,0.13,0.14,0.00,0.00,0.00,0.00,0.00,0.00,0.00,0.00,6.3
326:(11/22),0.00,0.00,0.00,0.00,0.00,0.00,0.00,0.02,0.03,0.06,1.10,0.15,0.64,0.41,0.14,0.03,0.00,0.00,0.00,0.00,0.00,0.00,0.00,0.00,2.6
327:(11/23),0.00,0.00,0.00,0.00,0.00,0.00,0.37,1.61,2.30,2.57,2.62,1.38,2.23,2.29,0.91,0.16,0.00,0.00,0.00,0.00,0.00,0.00,0.00,0.00,16.4
328:(11/24),0.00,0.00,0.00,0.00,0.00,0.00,0.95,1.72,2.40,2.49,2.48,2.47,2.35,1.97,1.33,0.88,0.00,0.00,0.00,0.00,0.00,0.00,0.00,0.00,19.0
329:(11/25),0.00,0.00,0.00,0.00,0.00,0.00,0.11,0.14,0.40,1.47,1.49,1.75,1.68,1.38,1.14,1.05,0.00,0.00,0.00,0.00,0.00,0.00,0.00,0.00,10.6
330:(11/26),0.00,0.00,0.00,0.00,0.00,0.00,0.27,0.22,0.41,0.45,0.34,1.03,0.24,0.18,0.12,0.13,0.00,0.00,0.00,0.00,0.00,0.00,0.00,0.00,3.4
331:(11/27),0.00,0.00,0.00,0.00,0.00,0.00,0.95,1.37,2.04,3.02,3.19,3.16,3.01,2.88,2.38,1.92,0.00,0.00,0.00,0.00,0.00,0.00,0.00,0.00,23.9
332:(11/28),0.00,0.00,0.00,0.00,0.00,0.00,0.13,0.15,0.17,0.41,0.51,0.38,0.26,0.28,0.16,0.25,0.00,0.00,0.00,0.00,0.00,0.00,0.00,0.00,2.7
333:(11/29),0.00,0.00,0.00,0.00,0.00,0.00,0.35,1.36,2.13,2.22,2.24,2.23,1.99,1.50,0.92,0.53,0.00,0.00,0.00,0.00,0.00,0.00,0.00,0.00,15.5
334:(11/30),0.00,0.00,0.00,0.00,0.00,0.00,0.38,1.23,1.90,2.22,2.39,2.48,2.41,2.12,1.51,1.23,0.00,0.00,0.00,0.00,0.00,0.00,0.00,0.00,17.9
335:(12/01),0.00,0.00,0.00,0.00,0.00,0.00,0.26,0.97,1.55,1.73,2.06,2.00,1.54,1.17,0.77,0.20,0.00,0.00,0.00,0.00,0.00,0.00,0.00,0.00,12.3
336:(12/02),0.00,0.00,0.00,0.00,0.00,0.00,0.01,0.00,0.01,0.02,0.01,0.00,0.01,0.01,0.01,0.00,0.00,0.00,0.00,0.00,0.00,0.00,0.00,0.00,0.1
337:(12/03),0.00,0.00,0.00,0.00,0.00,0.00,0.00,0.01,0.02,0.03,0.03,0.00,0.00,0.00,0.01,0.01,0.00,0.00,0.00,0.00,0.00,0.00,0.00,0.00,0.1
338:(12/04),0.00,0.00,0.00,0.00,0.00,0.00,0.26,0.28,0.29,0.82,1.30,0.56,0.48,0.63,0.22,0.06,0.00,0.00,0.00,0.00,0.00,0.00,0.00,0.00,4.9
339:(12/05),0.00,0.00,0.00,0.00,0.00,0.00,0.00,0.01,0.00,0.01,0.00,0.00,0.01,0.00,0.01,0.01,0.00,0.00,0.00,0.00,0.00,0.00,0.00,0.00,0.1
340:(12/06),0.00,0.00,0.00,0.00,0.00,0.00,1.11,1.55,2.54,2.63,2.77,2.25,1.82,0.57,0.34,0.22,0.00,0.00,0.00,0.00,0.00,0.00,0.00,0.00,15.8
341:(12/07),0.00,0.00,0.00,0.00,0.00,0.00,0.00,0.00,0.00,0.00,0.00,0.00,0.02,0.00,0.01,0.02,0.00,0.00,0.00,0.00,0.00,0.00,0.00,0.00,0.1
342:(12/08),0.00,0.00,0.00,0.00,0.00,0.00,0.01,0.02,0.01,0.01,0.04,0.05,0.04,0.06,0.05,0.03,0.00,0.00,0.00,0.00,0.00,0.00,0.00,0.00,0.3
343:(12/09),0.00,0.00,0.00,0.00,0.00,0.00,0.01,0.08,0.24,0.31,0.40,0.21,0.93,0.22,0.21,0.22,0.00,0.00,0.00,0.00,0.00,0.00,0.00,0.00,2.8
344:(12/10),0.00,0.00,0.00,0.00,0.00,0.00,0.08,0.17,0.40,1.52,3.80,0.56,0.74,0.07,0.06,0.05,0.00,0.00,0.00,0.00,0.00,0.00,0.00,0.00,7.5
345:(12/11),0.00,0.00,0.00,0.00,0.00,0.00,0.16,0.14,0.14,1.57,2.39,1.83,0.90,1.59,1.15,0.90,0.00,0.00,0.00,0.00,0.00,0.00,0.00,0.00,10.8
346:(12/12),0.00,0.00,0.00,0.00,0.00,0.00,0.86,0.49,0.41,0.53,0.75,0.76,0.92,0.34,0.17,0.07,0.00,0.00,0.00,0.00,0.00,0.00,0.00,0.00,5.3
347:(12/13),0.00,0.00,0.00,0.00,0.00,0.00,0.23,1.27,2.20,2.50,2.66,2.75,2.50,1.91,1.20,0.73,0.00,0.00,0.00,0.00,0.00,0.00,0.00,0.00,18.0
348:(12/14),0.00,0.00,0.00,0.00,0.00,0.00,0.08,0.85,1.78,2.14,1.56,0.19,0.42,0.81,1.31,0.46,0.00,0.00,0.00,0.00,0.00,0.00,0.00,0.00,9.6
349:(12/15),0.00,0.00,0.00,0.00,0.00,0.00,0.15,0.60,0.63,1.05,1.00,1.32,1.27,0.98,0.51,0.26,0.00,0.00,0.00,0.00,0.00,0.00,0.00,0.00,7.8
350:(12/16),0.00,0.00,0.00,0.00,0.00,0.00,0.04,0.15,0.20,0.20,0.16,0.11,0.11,0.12,0.34,1.08,0.00,0.00,0.00,0.00,0.00,0.00,0.00,0.00,2.5
351:(12/17),0.00,0.00,0.00,0.00,0.00,0.00,0.15,1.21,2.26,2.59,2.68,2.63,2.47,2.12,1.52,1.05,0.00,0.00,0.00,0.00,0.00,0.00,0.00,0.00,18.7
352:(12/18),0.00,0.00,0.00,0.00,0.00,0.00,0.15,0.74,2.03,2.26,1.41,0.89,1.62,1.42,1.01,0.50,0.00,0.00,0.00,0.00,0.00,0.00,0.00,0.00,12.0
353:(12/19),0.00,0.00,0.00,0.00,0.00,0.00,0.08,0.86,1.62,1.84,1.90,1.93,1.58,1.20,0.86,0.40,0.00,0.00,0.00,0.00,0.00,0.00,0.00,0.00,12.3
354:(12/20),0.00,0.00,0.00,0.00,0.00,0.00,0.23,0.98,2.16,2.67,2.94,2.96,2.89,2.59,1.86,1.46,0.00,0.00,0.00,0.00,0.00,0.00,0.00,0.00,20.7
355:(12/21),0.00,0.00,0.00,0.00,0.00,0.00,0.15,1.25,2.79,3.08,3.18,3.16,3.10,2.68,1.97,1.28,0.00,0.00,0.00,0.00,0.00,0.00,0.00,0.00,22.6
356:(12/22),0.00,0.00,0.00,0.00,0.00,0.00,0.08,0.61,1.24,1.57,1.77,1.86,1.79,1.59,1.11,0.62,0.00,0.00,0.00,0.00,0.00,0.00,0.00,0.00,12.2
357:(12/23),0.00,0.00,0.00,0.00,0.00,0.00,0.04,0.16,0.59,1.44,2.06,1.60,1.34,2.16,1.00,0.21,0.00,0.00,0.00,0.00,0.00,0.00,0.00,0.00,10.6
358:(12/24),0.00,0.00,0.00,0.00,0.00,0.00,0.15,1.25,2.84,3.12,3.26,3.25,3.07,2.78,2.22,1.51,0.00,0.00,0.00,0.00,0.00,0.00,0.00,0.00,23.5
359:(12/25),0.00,0.00,0.00,0.00,0.00,0.00,0.08,0.60,0.25,0.16,0.17,0.42,1.80,1.55,1.11,0.74,0.00,0.00,0.00,0.00,0.00,0.00,0.00,0.00,6.9
360:(12/26),0.00,0.00,0.00,0.00,0.00,0.00,0.01,0.65,1.91,2.69,2.36,2.35,3.04,2.69,1.89,1.17,0.00,0.00,0.00,0.00,0.00,0.00,0.00,0.00,18.8
361:(12/27),0.00,0.00,0.00,0.00,0.00,0.00,0.04,0.23,0.58,0.37,0.64,0.67,0.39,0.70,0.22,0.26,0.00,0.00,0.00,0.00,0.00,0.00,0.00,0.00,4.1
362:(12/28),0.00,0.00,0.00,0.00,0.00,0.00,0.04,0.99,2.08,2.43,2.43,2.19,2.05,1.79,1.20,0.74,0.00,0.00,0.00,0.00,0.00,0.00,0.00,0.00,15.9
363:(12/29),0.00,0.00,0.00,0.00,0.00,0.00,0.08,0.94,1.59,1.60,1.60,1.39,1.15,0.98,0.67,0.19,0.00,0.00,0.00,0.00,0.00,0.00,0.00,0.00,10.2
364:(12/30),0.00,0.00,0.00,0.00,0.00,0.00,0.04,0.89,1.79,1.85,1.87,1.94,1.76,1.08,0.31,0.22,0.00,0.00,0.00,0.00,0.00,0.00,0.00,0.00,11.8
365:(12/31),0.00,0.00,0.00,0.00,0.00,0.00,0.01,0.02,0.06,0.13,1.88,2.72,1.96,2.64,2.91,1.44,0.00,0.00,0.00,0.00,0.00,0.00,0.00,0.00,13.8
