[ß],01:00,02:00,03:00,04:00,05:00,06:00,07:00,08:00,09:00,10:00,11:00,12:00,13:00,14:00,15:00,16:00,17:00,18:00,19:00,20:00,21:00,22:00,23:00,24:00
001:(01/01),0.0,0.0,0.0,0.0,0.0,0.0,-60.5,-51.0,-39.9,-26.8,-11.8,4.3,19.9,34.0,46.0,56.2,0.0,0.0,0.0,0.0,0.0,0.0,0.0,0.0
002:(01/02),0.0,0.0,0.0,0.0,0.0,0.0,-60.6,-51.1,-40.0,-26.9,-11.9,4.1,19.8,33.9,46.0,56.2,0.0,0.0,0.0,0.0,0.0,0.0,0.0,0.0
003:(01/03),0.0,0.0,0.0,0.0,0.0,0.0,-60.8,-51.3,-40.2,-27.1,-12.1,4.0,19.7,33.9,45.9,56.2,0.0,0.0,0.0,0.0,0.0,0.0,0.0,0.0
004:(01/04),0.0,0.0,0.0,0.0,0.0,0.0,-60.9,-51.4,-40.3,-27.2,-12.2,3.9,19.7,33.8,45.9,56.2,0.0,0.0,0.0,0.0,0.0,0.0,0.0,0.0
005:(01/05),0.0,0.0,0.0,0.0,0.0,0.0,-61.0,-51.6,-40.5,-27.4,-12.3,3.8,19.6,33.8,45.9,56.2,0.0,0.0,0.0,0.0,0.0,0.0,0.0,0.0
006:(01/06),0.0,0.0,0.0,0.0,0.0,0.0,-61.2,-51.7,-40.6,-27.5,-12.5,3.7,19.5,33.7,45.9,56.2,0.0,0.0,0.0,0.0,0.0,0.0,0.0,0.0
007:(01/07),0.0,0.0,0.0,0.0,0.0,0.0,-61.4,-51.9,-40.8,-27.7,-12.6,3.6,19.4,33.7,45.9,56.2,0.0,0.0,0.0,0.0,0.0,0.0,0.0,0.0
008:(01/08),0.0,0.0,0.0,0.0,0.0,0.0,-61.5,-52.0,-41.0,-27.8,-12.8,3.5,19.4,33.7,45.9,56.2,0.0,0.0,0.0,0.0,0.0,0.0,0.0,0.0
009:(01/09),0.0,0.0,0.0,0.0,0.0,0.0,-61.7,-52.2,-41.1,-28.0,-12.9,3.4,19.3,33.6,45.9,56.3,0.0,0.0,0.0,0.0,0.0,0.0,0.0,0.0
010:(01/10),0.0,0.0,0.0,0.0,0.0,0.0,-61.8,-52.4,-41.3,-28.2,-13.0,3.2,19.2,33.6,45.9,56.3,0.0,0.0,0.0,0.0,0.0,0.0,0.0,0.0
011:(01/11),0.0,0.0,0.0,0.0,0.0,0.0,-62.0,-52.6,-41.5,-28.3,-13.2,3.1,19.2,33.6,45.9,56.3,0.0,0.0,0.0,0.0,0.0,0.0,0.0,0.0
012:(01/12),0.0,0.0,0.0,0.0,0.0,0.0,-62.2,-52.7,-41.6,-28.5,-13.3,3.0,19.1,33.6,46.0,56.4,0.0,0.0,0.0,0.0,0.0,0.0,0.0,0.0
013:(01/13),0.0,0.0,0.0,0.0,0.0,0.0,-62.4,-52.9,-41.8,-28.7,-13.5,2.9,19.1,33.6,46.0,56.4,0.0,0.0,0.0,0.0,0.0,0.0,0.0,0.0
014:(01/14),0.0,0.0,0.0,0.0,0.0,0.0,-62.6,-53.1,-42.0,-28.8,-13.6,2.9,19.0,33.6,46.0,56.5,0.0,0.0,0.0,0.0,0.0,0.0,0.0,0.0
015:(01/15),0.0,0.0,0.0,0.0,0.0,0.0,-62.8,-53.3,-42.2,-29.0,-13.8,2.8,19.0,33.6,46.1,56.6,0.0,0.0,0.0,0.0,0.0,0.0,0.0,0.0
016:(01/16),0.0,0.0,0.0,0.0,0.0,0.0,-63.0,-53.5,-42.4,-29.2,-13.9,2.7,19.0,33.6,46.1,56.7,0.0,0.0,0.0,0.0,0.0,0.0,0.0,0.0
017:(01/17),0.0,0.0,0.0,0.0,0.0,0.0,-63.2,-53.7,-42.6,-29.4,-14.0,2.6,18.9,33.7,46.2,56.7,0.0,0.0,0.0,0.0,0.0,0.0,0.0,0.0
018:(01/18),0.0,0.0,0.0,0.0,0.0,0.0,-63.4,-53.9,-42.7,-29.5,-14.2,2.5,18.9,33.7,46.2,56.8,0.0,0.0,0.0,0.0,0.0,0.0,0.0,0.0
019:(01/19),0.0,0.0,0.0,0.0,0.0,0.0,-63.6,-54.1,-42.9,-29.7,-14.3,2.4,18.9,33.7,46.3,56.9,0.0,0.0,0.0,0.0,0.0,0.0,0.0,0.0
020:(01/20),0.0,0.0,0.0,0.0,0.0,0.0,-63.8,-54.3,-43.1,-29.9,-14.4,2.3,18.9,33.8,46.4,57.0,0.0,0.0,0.0,0.0,0.0,0.0,0.0,0.0
021:(01/21),0.0,0.0,0.0,0.0,0.0,0.0,-64.0,-54.5,-43.3,-30.1,-14.6,2.3,18.9,33.8,46.5,57.1,0.0,0.0,0.0,0.0,0.0,0.0,0.0,0.0
022:(01/22),0.0,0.0,0.0,0.0,0.0,0.0,-64.2,-54.7,-43.5,-30.2,-14.7,2.2,18.9,33.9,46.6,57.3,0.0,0.0,0.0,0.0,0.0,0.0,0.0,0.0
023:(01/23),0.0,0.0,0.0,0.0,0.0,0.0,-64.4,-54.9,-43.7,-30.4,-14.9,2.1,18.9,33.9,46.7,57.4,0.0,0.0,0.0,0.0,0.0,0.0,0.0,0.0
024:(01/24),0.0,0.0,0.0,0.0,0.0,0.0,-64.6,-55.1,-43.9,-30.6,-15.0,2.1,18.9,34.0,46.8,57.5,0.0,0.0,0.0,0.0,0.0,0.0,0.0,0.0
025:(01/25),0.0,0.0,0.0,0.0,0.0,0.0,-64.9,-55.3,-44.1,-30.8,-15.1,2.0,18.9,34.1,46.9,57.6,0.0,0.0,0.0,0.0,0.0,0.0,0.0,0.0
026:(01/26),0.0,0.0,0.0,0.0,0.0,0.0,-65.1,-55.5,-44.3,-30.9,-15.3,1.9,18.9,34.1,47.0,57.8,0.0,0.0,0.0,0.0,0.0,0.0,0.0,0.0
027:(01/27),0.0,0.0,0.0,0.0,0.0,0.0,-65.3,-55.8,-44.5,-31.1,-15.4,1.9,19.0,34.2,47.1,57.9,0.0,0.0,0.0,0.0,0.0,0.0,0.0,0.0
028:(01/28),0.0,0.0,0.0,0.0,0.0,0.0,-65.5,-56.0,-44.8,-31.3,-15.5,1.8,19.0,34.3,47.3,58.1,0.0,0.0,0.0,0.0,0.0,0.0,0.0,0.0
029:(01/29),0.0,0.0,0.0,0.0,0.0,0.0,-65.8,-56.2,-45.0,-31.5,-15.6,1.8,19.0,34.4,47.4,58.3,0.0,0.0,0.0,0.0,0.0,0.0,0.0,0.0
030:(01/30),0.0,0.0,0.0,0.0,0.0,0.0,-66.0,-56.4,-45.2,-31.7,-15.8,1.7,19.1,34.5,47.6,58.4,67.7,0.0,0.0,0.0,0.0,0.0,0.0,0.0
031:(01/31),0.0,0.0,0.0,0.0,0.0,0.0,-66.2,-56.7,-45.4,-31.9,-15.9,1.7,19.1,34.6,47.7,58.6,67.9,0.0,0.0,0.0,0.0,0.0,0.0,0.0
032:(02/01),0.0,0.0,0.0,0.0,0.0,0.0,-66.5,-56.9,-45.6,-32.0,-16.0,1.7,19.2,34.8,47.9,58.8,68.1,0.0,0.0,0.0,0.0,0.0,0.0,0.0
033:(02/02),0.0,0.0,0.0,0.0,0.0,0.0,-66.7,-57.1,-45.8,-32.2,-16.1,1.6,19.2,34.9,48.0,59.0,68.3,0.0,0.0,0.0,0.0,0.0,0.0,0.0
034:(02/03),0.0,0.0,0.0,0.0,0.0,0.0,-67.0,-57.4,-46.0,-32.4,-16.2,1.6,19.3,35.0,48.2,59.2,68.5,0.0,0.0,0.0,0.0,0.0,0.0,0.0
035:(02/04),0.0,0.0,0.0,0.0,0.0,0.0,-67.2,-57.6,-46.3,-32.6,-16.4,1.6,19.4,35.2,48.4,59.4,68.8,0.0,0.0,0.0,0.0,0.0,0.0,0.0
036:(02/05),0.0,0.0,0.0,0.0,0.0,0.0,-67.5,-57.8,-46.5,-32.8,-16.5,1.6,19.4,35.3,48.6,59.6,69.0,0.0,0.0,0.0,0.0,0.0,0.0,0.0
037:(02/06),0.0,0.0,0.0,0.0,0.0,0.0,-67.7,-58.1,-46.7,-33.0,-16.6,1.5,19.5,35.4,48.8,59.8,69.2,0.0,0.0,0.0,0.0,0.0,0.0,0.0
038:(02/07),0.0,0.0,0.0,0.0,0.0,0.0,-68.0,-58.3,-46.9,-33.1,-16.7,1.5,19.6,35.6,48.9,60.0,69.4,0.0,0.0,0.0,0.0,0.0,0.0,0.0
039:(02/08),0.0,0.0,0.0,0.0,0.0,0.0,-68.2,-58.5,-47.1,-33.3,-16.8,1.5,19.7,35.8,49.2,60.2,69.7,0.0,0.0,0.0,0.0,0.0,0.0,0.0
040:(02/09),0.0,0.0,0.0,0.0,0.0,0.0,-68.5,-58.8,-47.4,-33.5,-16.9,1.5,19.8,35.9,49.4,60.5,69.9,0.0,0.0,0.0,0.0,0.0,0.0,0.0
041:(02/10),0.0,0.0,0.0,0.0,0.0,0.0,-68.7,-59.0,-47.6,-33.7,-17.0,1.5,19.9,36.1,49.6,60.7,70.2,0.0,0.0,0.0,0.0,0.0,0.0,0.0
042:(02/11),0.0,0.0,0.0,0.0,0.0,0.0,-69.0,-59.3,-47.8,-33.9,-17.1,1.5,20.0,36.3,49.8,60.9,70.4,0.0,0.0,0.0,0.0,0.0,0.0,0.0
043:(02/12),0.0,0.0,0.0,0.0,0.0,0.0,-69.2,-59.5,-48.0,-34.1,-17.3,1.5,20.1,36.5,50.0,61.2,70.7,0.0,0.0,0.0,0.0,0.0,0.0,0.0
044:(02/13),0.0,0.0,0.0,0.0,0.0,0.0,-69.5,-59.8,-48.3,-34.2,-17.4,1.5,20.3,36.7,50.3,61.4,70.9,0.0,0.0,0.0,0.0,0.0,0.0,0.0
045:(02/14),0.0,0.0,0.0,0.0,0.0,0.0,-69.8,-60.0,-48.5,-34.4,-17.5,1.6,20.4,36.9,50.5,61.7,71.2,0.0,0.0,0.0,0.0,0.0,0.0,0.0
046:(02/15),0.0,0.0,0.0,0.0,0.0,0.0,-70.0,-60.3,-48.7,-34.6,-17.6,1.6,20.5,37.1,50.8,61.9,71.5,0.0,0.0,0.0,0.0,0.0,0.0,0.0
047:(02/16),0.0,0.0,0.0,0.0,0.0,0.0,-70.3,-60.5,-49.0,-34.8,-17.7,1.6,20.7,37.3,51.0,62.2,71.8,0.0,0.0,0.0,0.0,0.0,0.0,0.0
048:(02/17),0.0,0.0,0.0,0.0,0.0,0.0,-70.5,-60.8,-49.2,-35.0,-17.8,1.6,20.8,37.6,51.3,62.5,72.1,0.0,0.0,0.0,0.0,0.0,0.0,0.0
049:(02/18),0.0,0.0,0.0,0.0,0.0,0.0,-70.8,-61.0,-49.4,-35.2,-17.9,1.7,21.0,37.8,51.5,62.8,72.3,0.0,0.0,0.0,0.0,0.0,0.0,0.0
050:(02/19),0.0,0.0,0.0,0.0,0.0,0.0,-71.1,-61.3,-49.6,-35.4,-17.9,1.7,21.1,38.0,51.8,63.1,72.6,0.0,0.0,0.0,0.0,0.0,0.0,0.0
051:(02/20),0.0,0.0,0.0,0.0,0.0,0.0,-71.3,-61.5,-49.9,-35.5,-18.0,1.8,21.3,38.3,52.1,63.3,72.9,0.0,0.0,0.0,0.0,0.0,0.0,0.0
052:(02/21),0.0,0.0,0.0,0.0,0.0,0.0,-71.6,-61.8,-50.1,-35.7,-18.1,1.8,21.5,38.5,52.4,63.6,73.2,0.0,0.0,0.0,0.0,0.0,0.0,0.0
053:(02/22),0.0,0.0,0.0,0.0,0.0,0.0,-71.9,-62.0,-50.4,-35.9,-18.2,1.9,21.7,38.8,52.7,63.9,73.5,0.0,0.0,0.0,0.0,0.0,0.0,0.0
054:(02/23),0.0,0.0,0.0,0.0,0.0,0.0,-72.1,-62.3,-50.6,-36.1,-18.3,1.9,21.8,39.0,52.9,64.2,73.8,0.0,0.0,0.0,0.0,0.0,0.0,0.0
055:(02/24),0.0,0.0,0.0,0.0,0.0,0.0,-72.4,-62.6,-50.8,-36.3,-18.4,2.0,22.0,39.3,53.2,64.5,74.2,0.0,0.0,0.0,0.0,0.0,0.0,0.0
056:(02/25),0.0,0.0,0.0,0.0,0.0,0.0,-72.7,-62.8,-51.1,-36.5,-18.5,2.0,22.2,39.6,53.5,64.9,74.5,0.0,0.0,0.0,0.0,0.0,0.0,0.0
057:(02/26),0.0,0.0,0.0,0.0,0.0,0.0,-73.0,-63.1,-51.3,-36.7,-18.6,2.1,22.4,39.9,53.9,65.2,74.8,0.0,0.0,0.0,0.0,0.0,0.0,0.0
058:(02/27),0.0,0.0,0.0,0.0,0.0,0.0,-73.2,-63.3,-51.5,-36.9,-18.6,2.2,22.7,40.2,54.2,65.5,75.1,0.0,0.0,0.0,0.0,0.0,0.0,0.0
059:(02/28),0.0,0.0,0.0,0.0,0.0,0.0,-73.5,-63.6,-51.8,-37.0,-18.7,2.3,22.9,40.5,54.5,65.8,75.4,0.0,0.0,0.0,0.0,0.0,0.0,0.0
060:(03/01),0.0,0.0,0.0,0.0,0.0,0.0,-73.8,-63.9,-52.0,-37.2,-18.8,2.3,23.1,40.8,54.8,66.1,75.8,0.0,0.0,0.0,0.0,0.0,0.0,0.0
061:(03/02),0.0,0.0,0.0,0.0,0.0,0.0,-74.0,-64.1,-52.3,-37.4,-18.9,2.4,23.3,41.1,55.1,66.5,76.1,0.0,0.0,0.0,0.0,0.0,0.0,0.0
062:(03/03),0.0,0.0,0.0,0.0,0.0,0.0,-74.3,-64.4,-52.5,-37.6,-18.9,2.5,23.6,41.4,55.5,66.8,76.4,0.0,0.0,0.0,0.0,0.0,0.0,0.0
063:(03/04),0.0,0.0,0.0,0.0,0.0,0.0,-74.6,-64.7,-52.8,-37.8,-19.0,2.6,23.8,41.7,55.8,67.2,76.8,0.0,0.0,0.0,0.0,0.0,0.0,0.0
064:(03/05),0.0,0.0,0.0,0.0,0.0,0.0,-74.9,-64.9,-53.0,-38.0,-19.1,2.7,24.1,42.0,56.2,67.5,77.1,0.0,0.0,0.0,0.0,0.0,0.0,0.0
065:(03/06),0.0,0.0,0.0,0.0,0.0,0.0,-75.1,-65.2,-53.3,-38.2,-19.2,2.8,24.3,42.3,56.5,67.8,77.5,0.0,0.0,0.0,0.0,0.0,0.0,0.0
066:(03/07),0.0,0.0,0.0,0.0,0.0,0.0,-75.4,-65.5,-53.5,-38.4,-19.2,2.9,24.6,42.7,56.9,68.2,77.8,0.0,0.0,0.0,0.0,0.0,0.0,0.0
067:(03/08),0.0,0.0,0.0,0.0,0.0,0.0,-75.7,-65.7,-53.8,-38.6,-19.3,3.1,24.9,43.0,57.2,68.5,78.2,0.0,0.0,0.0,0.0,0.0,0.0,0.0
068:(03/09),0.0,0.0,0.0,0.0,0.0,0.0,-76.0,-66.0,-54.0,-38.8,-19.4,3.2,25.1,43.4,57.6,68.9,78.5,0.0,0.0,0.0,0.0,0.0,0.0,0.0
069:(03/10),0.0,0.0,0.0,0.0,0.0,0.0,-76.2,-66.3,-54.3,-39.0,-19.4,3.3,25.4,43.7,57.9,69.3,78.9,0.0,0.0,0.0,0.0,0.0,0.0,0.0
070:(03/11),0.0,0.0,0.0,0.0,0.0,0.0,-76.5,-66.5,-54.5,-39.2,-19.5,3.4,25.7,44.1,58.3,69.6,79.2,0.0,0.0,0.0,0.0,0.0,0.0,0.0
071:(03/12),0.0,0.0,0.0,0.0,0.0,0.0,-76.8,-66.8,-54.8,-39.4,-19.6,3.6,26.0,44.4,58.7,70.0,79.6,0.0,0.0,0.0,0.0,0.0,0.0,0.0
072:(03/13),0.0,0.0,0.0,0.0,0.0,-86.0,-77.1,-67.1,-55.0,-39.6,-19.6,3.7,26.3,44.8,59.1,70.3,79.9,0.0,0.0,0.0,0.0,0.0,0.0,0.0
073:(03/14),0.0,0.0,0.0,0.0,0.0,-86.3,-77.4,-67.4,-55.3,-39.8,-19.7,3.8,26.6,45.2,59.4,70.7,80.3,0.0,0.0,0.0,0.0,0.0,0.0,0.0
074:(03/15),0.0,0.0,0.0,0.0,0.0,-86.6,-77.6,-67.6,-55.5,-40.0,-19.8,4.0,26.9,45.6,59.8,71.1,80.6,0.0,0.0,0.0,0.0,0.0,0.0,0.0
075:(03/16),0.0,0.0,0.0,0.0,0.0,-86.9,-77.9,-67.9,-55.8,-40.2,-19.8,4.1,27.3,45.9,60.2,71.5,81.0,0.0,0.0,0.0,0.0,0.0,0.0,0.0
076:(03/17),0.0,0.0,0.0,0.0,0.0,-87.2,-78.2,-68.2,-56.1,-40.4,-19.9,4.3,27.6,46.3,60.6,71.8,81.4,0.0,0.0,0.0,0.0,0.0,0.0,0.0
077:(03/18),0.0,0.0,0.0,0.0,0.0,-87.4,-78.5,-68.5,-56.3,-40.6,-20.0,4.5,27.9,46.7,61.0,72.2,81.7,0.0,0.0,0.0,0.0,0.0,0.0,0.0
078:(03/19),0.0,0.0,0.0,0.0,0.0,-87.7,-78.7,-68.7,-56.6,-40.8,-20.0,4.6,28.3,47.1,61.4,72.6,82.1,0.0,0.0,0.0,0.0,0.0,0.0,0.0
079:(03/20),0.0,0.0,0.0,0.0,0.0,-88.0,-79.0,-69.0,-56.9,-41.0,-20.1,4.8,28.6,47.5,61.8,73.0,82.5,0.0,0.0,0.0,0.0,0.0,0.0,0.0
080:(03/21),0.0,0.0,0.0,0.0,0.0,-88.3,-79.3,-69.3,-57.1,-41.2,-20.2,5.0,28.9,47.9,62.2,73.3,82.8,0.0,0.0,0.0,0.0,0.0,0.0,0.0
081:(03/22),0.0,0.0,0.0,0.0,0.0,-88.6,-79.6,-69.6,-57.4,-41.5,-20.2,5.1,29.3,48.3,62.6,73.7,83.2,0.0,0.0,0.0,0.0,0.0,0.0,0.0
082:(03/23),0.0,0.0,0.0,0.0,0.0,-88.8,-79.9,-69.9,-57.7,-41.7,-20.3,5.3,29.7,48.7,63.0,74.1,83.6,0.0,0.0,0.0,0.0,0.0,0.0,0.0
083:(03/24),0.0,0.0,0.0,0.0,0.0,-89.1,-80.1,-70.1,-57.9,-41.9,-20.4,5.5,30.0,49.2,63.4,74.5,83.9,0.0,0.0,0.0,0.0,0.0,0.0,0.0
084:(03/25),0.0,0.0,0.0,0.0,0.0,-89.4,-80.4,-70.4,-58.2,-42.1,-20.4,5.7,30.4,49.6,63.8,74.9,84.3,0.0,0.0,0.0,0.0,0.0,0.0,0.0
085:(03/26),0.0,0.0,0.0,0.0,0.0,-89.7,-80.7,-70.7,-58.5,-42.3,-20.5,5.9,30.8,50.0,64.2,75.3,84.7,0.0,0.0,0.0,0.0,0.0,0.0,0.0
086:(03/27),0.0,0.0,0.0,0.0,0.0,-89.9,-81.0,-71.0,-58.8,-42.6,-20.6,6.1,31.2,50.4,64.6,75.6,85.1,0.0,0.0,0.0,0.0,0.0,0.0,0.0
087:(03/28),0.0,0.0,0.0,0.0,0.0,-90.2,-81.3,-71.3,-59.1,-42.8,-20.6,6.3,31.5,50.9,65.0,76.0,85.4,0.0,0.0,0.0,0.0,0.0,0.0,0.0
088:(03/29),0.0,0.0,0.0,0.0,0.0,-90.5,-81.5,-71.6,-59.3,-43.0,-20.7,6.5,31.9,51.3,65.4,76.4,85.8,0.0,0.0,0.0,0.0,0.0,0.0,0.0
089:(03/30),0.0,0.0,0.0,0.0,0.0,-90.8,-81.8,-71.9,-59.6,-43.3,-20.8,6.7,32.3,51.7,65.8,76.8,86.2,0.0,0.0,0.0,0.0,0.0,0.0,0.0
090:(03/31),0.0,0.0,0.0,0.0,0.0,-91.0,-82.1,-72.2,-59.9,-43.5,-20.8,6.9,32.7,52.2,66.3,77.2,86.5,0.0,0.0,0.0,0.0,0.0,0.0,0.0
091:(04/01),0.0,0.0,0.0,0.0,0.0,-91.3,-82.4,-72.4,-60.2,-43.8,-20.9,7.1,33.1,52.6,66.7,77.6,86.9,0.0,0.0,0.0,0.0,0.0,0.0,0.0
092:(04/02),0.0,0.0,0.0,0.0,0.0,-91.6,-82.7,-72.7,-60.5,-44.0,-21.0,7.3,33.5,53.0,67.1,78.0,87.3,0.0,0.0,0.0,0.0,0.0,0.0,0.0
093:(04/03),0.0,0.0,0.0,0.0,0.0,-91.9,-83.0,-73.0,-60.8,-44.3,-21.1,7.5,34.0,53.5,67.5,78.3,87.6,0.0,0.0,0.0,0.0,0.0,0.0,0.0
094:(04/04),0.0,0.0,0.0,0.0,0.0,-92.1,-83.2,-73.3,-61.1,-44.5,-21.2,7.8,34.4,53.9,67.9,78.7,88.0,0.0,0.0,0.0,0.0,0.0,0.0,0.0
095:(04/05),0.0,0.0,0.0,0.0,0.0,-92.4,-83.5,-73.6,-61.4,-44.8,-21.2,8.0,34.8,54.4,68.3,79.1,88.3,97.1,0.0,0.0,0.0,0.0,0.0,0.0
096:(04/06),0.0,0.0,0.0,0.0,0.0,-92.7,-83.8,-73.9,-61.7,-45.0,-21.3,8.2,35.2,54.8,68.8,79.5,88.7,97.4,0.0,0.0,0.0,0.0,0.0,0.0
097:(04/07),0.0,0.0,0.0,0.0,0.0,-92.9,-84.1,-74.2,-62.0,-45.3,-21.4,8.5,35.7,55.3,69.2,79.9,89.1,97.8,0.0,0.0,0.0,0.0,0.0,0.0
098:(04/08),0.0,0.0,0.0,0.0,0.0,-93.2,-84.4,-74.5,-62.3,-45.6,-21.5,8.7,36.1,55.7,69.6,80.3,89.4,98.1,0.0,0.0,0.0,0.0,0.0,0.0
099:(04/09),0.0,0.0,0.0,0.0,0.0,-93.5,-84.6,-74.8,-62.6,-45.8,-21.6,8.9,36.5,56.2,70.0,80.6,89.8,98.4,0.0,0.0,0.0,0.0,0.0,0.0
100:(04/10),0.0,0.0,0.0,0.0,0.0,-93.7,-84.9,-75.1,-62.9,-46.1,-21.7,9.2,37.0,56.6,70.4,81.0,90.1,98.8,0.0,0.0,0.0,0.0,0.0,0.0
101:(04/11),0.0,0.0,0.0,0.0,0.0,-94.0,-85.2,-75.4,-63.2,-46.4,-21.8,9.4,37.4,57.1,70.8,81.4,90.5,99.1,0.0,0.0,0.0,0.0,0.0,0.0
102:(04/12),0.0,0.0,0.0,0.0,0.0,-94.3,-85.5,-75.7,-63.5,-46.7,-21.9,9.7,37.9,57.5,71.2,81.8,90.8,99.5,0.0,0.0,0.0,0.0,0.0,0.0
103:(04/13),0.0,0.0,0.0,0.0,0.0,-94.5,-85.8,-76.0,-63.9,-46.9,-22.0,9.9,38.3,58.0,71.6,82.1,91.2,99.8,0.0,0.0,0.0,0.0,0.0,0.0
104:(04/14),0.0,0.0,0.0,0.0,0.0,-94.8,-86.0,-76.3,-64.2,-47.2,-22.1,10.2,38.8,58.4,72.0,82.5,91.5,100.1,0.0,0.0,0.0,0.0,0.0,0.0
105:(04/15),0.0,0.0,0.0,0.0,0.0,-95.1,-86.3,-76.6,-64.5,-47.5,-22.2,10.4,39.2,58.9,72.5,82.9,91.9,100.5,0.0,0.0,0.0,0.0,0.0,0.0
106:(04/16),0.0,0.0,0.0,0.0,0.0,-95.3,-86.6,-76.9,-64.8,-47.8,-22.3,10.7,39.7,59.4,72.9,83.2,92.2,100.8,0.0,0.0,0.0,0.0,0.0,0.0
107:(04/17),0.0,0.0,0.0,0.0,0.0,-95.6,-86.9,-77.2,-65.1,-48.1,-22.5,10.9,40.1,59.8,73.3,83.6,92.5,101.1,0.0,0.0,0.0,0.0,0.0,0.0
108:(04/18),0.0,0.0,0.0,0.0,0.0,-95.9,-87.2,-77.5,-65.5,-48.4,-22.6,11.2,40.6,60.3,73.7,84.0,92.9,101.4,0.0,0.0,0.0,0.0,0.0,0.0
109:(04/19),0.0,0.0,0.0,0.0,0.0,-96.1,-87.4,-77.8,-65.8,-48.8,-22.7,11.5,41.1,60.7,74.1,84.3,93.2,101.7,0.0,0.0,0.0,0.0,0.0,0.0
110:(04/20),0.0,0.0,0.0,0.0,0.0,-96.4,-87.7,-78.1,-66.1,-49.1,-22.9,11.7,41.5,61.1,74.5,84.7,93.5,102.1,0.0,0.0,0.0,0.0,0.0,0.0
111:(04/21),0.0,0.0,0.0,0.0,0.0,-96.6,-88.0,-78.4,-66.4,-49.4,-23.0,12.0,42.0,61.6,74.8,85.0,93.8,102.4,0.0,0.0,0.0,0.0,0.0,0.0
112:(04/22),0.0,0.0,0.0,0.0,0.0,-96.9,-88.3,-78.7,-66.8,-49.7,-23.1,12.2,42.4,62.0,75.2,85.4,94.2,102.7,0.0,0.0,0.0,0.0,0.0,0.0
113:(04/23),0.0,0.0,0.0,0.0,0.0,-97.1,-88.6,-79.0,-67.1,-50.0,-23.3,12.5,42.9,62.5,75.6,85.7,94.5,103.0,0.0,0.0,0.0,0.0,0.0,0.0
114:(04/24),0.0,0.0,0.0,0.0,0.0,-97.4,-88.8,-79.3,-67.4,-50.4,-23.5,12.8,43.4,62.9,76.0,86.0,94.8,103.3,0.0,0.0,0.0,0.0,0.0,0.0
115:(04/25),0.0,0.0,0.0,0.0,0.0,-97.7,-89.1,-79.6,-67.8,-50.7,-23.6,13.0,43.8,63.4,76.4,86.4,95.1,103.6,0.0,0.0,0.0,0.0,0.0,0.0
116:(04/26),0.0,0.0,0.0,0.0,-106.4,-97.9,-89.4,-79.9,-68.1,-51.1,-23.8,13.3,44.3,63.8,76.8,86.7,95.4,103.9,0.0,0.0,0.0,0.0,0.0,0.0
117:(04/27),0.0,0.0,0.0,0.0,-106.7,-98.2,-89.6,-80.2,-68.4,-51.4,-24.0,13.6,44.7,64.2,77.1,87.0,95.7,104.1,0.0,0.0,0.0,0.0,0.0,0.0
118:(04/28),0.0,0.0,0.0,0.0,-106.9,-98.4,-89.9,-80.5,-68.8,-51.7,-24.1,13.8,45.2,64.6,77.5,87.4,96.0,104.4,0.0,0.0,0.0,0.0,0.0,0.0
119:(04/29),0.0,0.0,0.0,0.0,-107.1,-98.6,-90.2,-80.8,-69.1,-52.1,-24.3,14.1,45.7,65.1,77.9,87.7,96.3,104.7,0.0,0.0,0.0,0.0,0.0,0.0
120:(04/30),0.0,0.0,0.0,0.0,-107.3,-98.9,-90.4,-81.1,-69.5,-52.5,-24.5,14.4,46.1,65.5,78.2,88.0,96.6,105.0,0.0,0.0,0.0,0.0,0.0,0.0
121:(05/01),0.0,0.0,0.0,0.0,-107.6,-99.1,-90.7,-81.4,-69.8,-52.8,-24.7,14.6,46.6,65.9,78.6,88.3,96.9,105.2,0.0,0.0,0.0,0.0,0.0,0.0
122:(05/02),0.0,0.0,0.0,0.0,-107.8,-99.4,-91.0,-81.7,-70.1,-53.2,-24.9,14.9,47.0,66.3,78.9,88.6,97.2,105.5,0.0,0.0,0.0,0.0,0.0,0.0
123:(05/03),0.0,0.0,0.0,0.0,-108.0,-99.6,-91.2,-82.0,-70.5,-53.5,-25.2,15.1,47.5,66.7,79.3,88.9,97.4,105.8,0.0,0.0,0.0,0.0,0.0,0.0
124:(05/04),0.0,0.0,0.0,0.0,-108.2,-99.9,-91.5,-82.3,-70.8,-53.9,-25.4,15.4,47.9,67.1,79.6,89.2,97.7,106.0,0.0,0.0,0.0,0.0,0.0,0.0
125:(05/05),0.0,0.0,0.0,0.0,-108.5,-100.1,-91.8,-82.6,-71.1,-54.3,-25.6,15.6,48.4,67.5,80.0,89.5,98.0,106.3,0.0,0.0,0.0,0.0,0.0,0.0
126:(05/06),0.0,0.0,0.0,0.0,-108.7,-100.3,-92.0,-82.9,-71.5,-54.7,-25.8,15.9,48.8,67.9,80.3,89.8,98.2,106.5,0.0,0.0,0.0,0.0,0.0,0.0
127:(05/07),0.0,0.0,0.0,0.0,-108.9,-100.6,-92.3,-83.2,-71.8,-55.0,-26.1,16.1,49.2,68.3,80.6,90.1,98.5,106.8,0.0,0.0,0.0,0.0,0.0,0.0
128:(05/08),0.0,0.0,0.0,0.0,-109.1,-100.8,-92.5,-83.5,-72.2,-55.4,-26.3,16.4,49.7,68.7,80.9,90.4,98.7,107.0,0.0,0.0,0.0,0.0,0.0,0.0
129:(05/09),0.0,0.0,0.0,0.0,-109.3,-101.0,-92.8,-83.8,-72.5,-55.8,-26.6,16.6,50.1,69.1,81.3,90.7,99.0,107.2,0.0,0.0,0.0,0.0,0.0,0.0
130:(05/10),0.0,0.0,0.0,0.0,-109.5,-101.2,-93.0,-84.0,-72.8,-56.2,-26.9,16.9,50.5,69.4,81.6,90.9,99.2,107.4,0.0,0.0,0.0,0.0,0.0,0.0
131:(05/11),0.0,0.0,0.0,0.0,-109.7,-101.5,-93.3,-84.3,-73.1,-56.5,-27.1,17.1,50.9,69.8,81.9,91.2,99.5,107.7,0.0,0.0,0.0,0.0,0.0,0.0
132:(05/12),0.0,0.0,0.0,0.0,-109.9,-101.7,-93.5,-84.6,-73.5,-56.9,-27.4,17.3,51.3,70.1,82.2,91.4,99.7,107.9,0.0,0.0,0.0,0.0,0.0,0.0
133:(05/13),0.0,0.0,0.0,0.0,-110.1,-101.9,-93.7,-84.9,-73.8,-57.3,-27.7,17.5,51.7,70.5,82.5,91.7,99.9,108.1,0.0,0.0,0.0,0.0,0.0,0.0
134:(05/14),0.0,0.0,0.0,0.0,-110.3,-102.1,-94.0,-85.1,-74.1,-57.7,-28.0,17.8,52.1,70.8,82.7,91.9,100.2,108.3,0.0,0.0,0.0,0.0,0.0,0.0
135:(05/15),0.0,0.0,0.0,0.0,-110.5,-102.3,-94.2,-85.4,-74.4,-58.1,-28.3,18.0,52.5,71.2,83.0,92.2,100.4,108.5,0.0,0.0,0.0,0.0,0.0,0.0
136:(05/16),0.0,0.0,0.0,0.0,-110.7,-102.5,-94.4,-85.7,-74.8,-58.4,-28.6,18.2,52.9,71.5,83.3,92.4,100.6,108.7,0.0,0.0,0.0,0.0,0.0,0.0
137:(05/17),0.0,0.0,0.0,0.0,-110.9,-102.7,-94.7,-85.9,-75.1,-58.8,-28.9,18.4,53.3,71.8,83.6,92.6,100.8,108.9,0.0,0.0,0.0,0.0,0.0,0.0
138:(05/18),0.0,0.0,0.0,0.0,-111.1,-102.9,-94.9,-86.2,-75.4,-59.2,-29.2,18.6,53.7,72.1,83.8,92.9,101.0,109.1,0.0,0.0,0.0,0.0,0.0,0.0
139:(05/19),0.0,0.0,0.0,0.0,-111.3,-103.1,-95.1,-86.4,-75.7,-59.6,-29.6,18.7,54.0,72.4,84.1,93.1,101.2,109.2,0.0,0.0,0.0,0.0,0.0,0.0
140:(05/20),0.0,0.0,0.0,0.0,-111.5,-103.3,-95.3,-86.7,-76.0,-60.0,-29.9,18.9,54.4,72.7,84.3,93.3,101.4,109.4,0.0,0.0,0.0,0.0,0.0,0.0
141:(05/21),0.0,0.0,0.0,0.0,-111.6,-103.5,-95.5,-86.9,-76.3,-60.3,-30.2,19.1,54.7,73.0,84.6,93.5,101.5,109.6,0.0,0.0,0.0,0.0,0.0,0.0
142:(05/22),0.0,0.0,0.0,0.0,-111.8,-103.7,-95.7,-87.2,-76.6,-60.7,-30.6,19.2,55.0,73.3,84.8,93.7,101.7,109.7,0.0,0.0,0.0,0.0,0.0,0.0
143:(05/23),0.0,0.0,0.0,0.0,-112.0,-103.9,-95.9,-87.4,-76.9,-61.1,-30.9,19.4,55.3,73.6,85.0,93.9,101.9,109.9,0.0,0.0,0.0,0.0,0.0,0.0
144:(05/24),0.0,0.0,0.0,0.0,-112.1,-104.1,-96.1,-87.6,-77.2,-61.4,-31.3,19.5,55.7,73.9,85.2,94.1,102.0,110.0,0.0,0.0,0.0,0.0,0.0,0.0
145:(05/25),0.0,0.0,0.0,0.0,-112.3,-104.2,-96.3,-87.9,-77.4,-61.8,-31.6,19.6,56.0,74.1,85.4,94.2,102.2,110.2,0.0,0.0,0.0,0.0,0.0,0.0
146:(05/26),0.0,0.0,0.0,0.0,-112.5,-104.4,-96.5,-88.1,-77.7,-62.1,-32.0,19.8,56.3,74.4,85.6,94.4,102.3,110.3,0.0,0.0,0.0,0.0,0.0,0.0
147:(05/27),0.0,0.0,0.0,0.0,-112.6,-104.6,-96.7,-88.3,-78.0,-62.5,-32.3,19.9,56.5,74.6,85.8,94.6,102.5,110.4,0.0,0.0,0.0,0.0,0.0,0.0
148:(05/28),0.0,0.0,0.0,0.0,-112.8,-104.7,-96.9,-88.5,-78.2,-62.8,-32.7,20.0,56.8,74.8,86.0,94.7,102.6,110.6,0.0,0.0,0.0,0.0,0.0,0.0
149:(05/29),0.0,0.0,0.0,0.0,-112.9,-104.9,-97.1,-88.7,-78.5,-63.1,-33.0,20.0,57.1,75.0,86.2,94.9,102.8,110.7,0.0,0.0,0.0,0.0,0.0,0.0
150:(05/30),0.0,0.0,0.0,0.0,-113.1,-105.0,-97.2,-88.9,-78.7,-63.5,-33.4,20.1,57.3,75.2,86.4,95.0,102.9,110.8,0.0,0.0,0.0,0.0,0.0,0.0
151:(05/31),0.0,0.0,0.0,0.0,-113.2,-105.2,-97.4,-89.1,-79.0,-63.8,-33.7,20.2,57.5,75.4,86.5,95.2,103.0,110.9,0.0,0.0,0.0,0.0,0.0,0.0
152:(06/01),0.0,0.0,0.0,0.0,-113.3,-105.3,-97.6,-89.3,-79.2,-64.1,-34.1,20.2,57.7,75.6,86.7,95.3,103.1,111.0,0.0,0.0,0.0,0.0,0.0,0.0
153:(06/02),0.0,0.0,0.0,0.0,-113.5,-105.5,-97.7,-89.5,-79.4,-64.4,-34.4,20.2,58.0,75.8,86.8,95.4,103.2,111.1,0.0,0.0,0.0,0.0,0.0,0.0
154:(06/03),0.0,0.0,0.0,0.0,-113.6,-105.6,-97.9,-89.7,-79.6,-64.7,-34.8,20.3,58.1,76.0,87.0,95.5,103.3,111.2,0.0,0.0,0.0,0.0,0.0,0.0
155:(06/04),0.0,0.0,0.0,0.0,-113.7,-105.7,-98.0,-89.8,-79.9,-65.0,-35.1,20.3,58.3,76.1,87.1,95.6,103.4,111.2,0.0,0.0,0.0,0.0,0.0,0.0
156:(06/05),0.0,0.0,0.0,0.0,-113.8,-105.9,-98.2,-90.0,-80.1,-65.2,-35.5,20.3,58.5,76.3,87.2,95.7,103.5,111.3,0.0,0.0,0.0,0.0,0.0,0.0
157:(06/06),0.0,0.0,0.0,0.0,-113.9,-106.0,-98.3,-90.1,-80.3,-65.5,-35.8,20.2,58.6,76.4,87.3,95.8,103.6,111.4,0.0,0.0,0.0,0.0,0.0,0.0
158:(06/07),0.0,0.0,0.0,0.0,-114.1,-106.1,-98.4,-90.3,-80.4,-65.8,-36.2,20.2,58.8,76.5,87.4,95.9,103.6,111.5,0.0,0.0,0.0,0.0,0.0,0.0
159:(06/08),0.0,0.0,0.0,0.0,-114.2,-106.2,-98.5,-90.4,-80.6,-66.0,-36.5,20.2,58.9,76.6,87.5,96.0,103.7,111.5,0.0,0.0,0.0,0.0,0.0,0.0
160:(06/09),0.0,0.0,0.0,0.0,-114.3,-106.3,-98.7,-90.6,-80.8,-66.2,-36.8,20.1,59.0,76.7,87.6,96.1,103.8,111.6,0.0,0.0,0.0,0.0,0.0,0.0
161:(06/10),0.0,0.0,0.0,0.0,-114.4,-106.4,-98.8,-90.7,-80.9,-66.5,-37.1,20.0,59.1,76.8,87.7,96.1,103.8,111.6,0.0,0.0,0.0,0.0,0.0,0.0
162:(06/11),0.0,0.0,0.0,0.0,-114.4,-106.5,-98.9,-90.8,-81.1,-66.7,-37.4,19.9,59.2,76.9,87.7,96.2,103.9,111.6,0.0,0.0,0.0,0.0,0.0,0.0
163:(06/12),0.0,0.0,0.0,0.0,-114.5,-106.6,-99.0,-90.9,-81.2,-66.9,-37.7,19.8,59.2,77.0,87.8,96.2,103.9,111.7,0.0,0.0,0.0,0.0,0.0,0.0
164:(06/13),0.0,0.0,0.0,0.0,-114.6,-106.7,-99.1,-91.0,-81.4,-67.0,-38.0,19.7,59.3,77.0,87.8,96.3,103.9,111.7,0.0,0.0,0.0,0.0,0.0,0.0
165:(06/14),0.0,0.0,0.0,0.0,-114.7,-106.8,-99.1,-91.1,-81.5,-67.2,-38.3,19.6,59.3,77.1,87.9,96.3,104.0,111.7,0.0,0.0,0.0,0.0,0.0,0.0
166:(06/15),0.0,0.0,0.0,0.0,-114.8,-106.8,-99.2,-91.2,-81.6,-67.4,-38.5,19.5,59.4,77.1,87.9,96.3,104.0,111.7,0.0,0.0,0.0,0.0,0.0,0.0
167:(06/16),0.0,0.0,0.0,0.0,-114.8,-106.9,-99.3,-91.3,-81.7,-67.5,-38.8,19.3,59.4,77.1,87.9,96.3,104.0,111.7,0.0,0.0,0.0,0.0,0.0,0.0
168:(06/17),0.0,0.0,0.0,0.0,-114.9,-107.0,-99.4,-91.4,-81.8,-67.7,-39.0,19.2,59.3,77.2,87.9,96.4,104.0,111.7,0.0,0.0,0.0,0.0,0.0,0.0
169:(06/18),0.0,0.0,0.0,0.0,-114.9,-107.0,-99.4,-91.4,-81.9,-67.8,-39.2,19.0,59.3,77.2,87.9,96.4,104.0,111.7,0.0,0.0,0.0,0.0,0.0,0.0
170:(06/19),0.0,0.0,0.0,0.0,-115.0,-107.1,-99.5,-91.5,-82.0,-67.9,-39.4,18.8,59.3,77.2,87.9,96.3,104.0,111.7,0.0,0.0,0.0,0.0,0.0,0.0
171:(06/20),0.0,0.0,0.0,0.0,-115.0,-107.1,-99.5,-91.5,-82.0,-68.0,-39.6,18.6,59.2,77.1,87.9,96.3,104.0,111.7,0.0,0.0,0.0,0.0,0.0,0.0
172:(06/21),0.0,0.0,0.0,0.0,-115.1,-107.1,-99.5,-91.6,-82.1,-68.1,-39.8,18.4,59.2,77.1,87.9,96.3,104.0,111.7,0.0,0.0,0.0,0.0,0.0,0.0
173:(06/22),0.0,0.0,0.0,0.0,-115.1,-107.2,-99.6,-91.6,-82.1,-68.2,-40.0,18.2,59.1,77.1,87.9,96.3,103.9,111.7,0.0,0.0,0.0,0.0,0.0,0.0
174:(06/23),0.0,0.0,0.0,0.0,-115.1,-107.2,-99.6,-91.6,-82.1,-68.2,-40.1,18.0,59.0,77.0,87.8,96.3,103.9,111.6,0.0,0.0,0.0,0.0,0.0,0.0
175:(06/24),0.0,0.0,0.0,0.0,-115.1,-107.2,-99.6,-91.7,-82.2,-68.3,-40.2,17.7,58.8,76.9,87.8,96.2,103.9,111.6,0.0,0.0,0.0,0.0,0.0,0.0
176:(06/25),0.0,0.0,0.0,0.0,-115.2,-107.2,-99.6,-91.7,-82.2,-68.3,-40.3,17.5,58.7,76.9,87.7,96.2,103.8,111.6,0.0,0.0,0.0,0.0,0.0,0.0
177:(06/26),0.0,0.0,0.0,0.0,-115.2,-107.2,-99.6,-91.7,-82.2,-68.3,-40.4,17.3,58.6,76.8,87.7,96.1,103.8,111.5,0.0,0.0,0.0,0.0,0.0,0.0
178:(06/27),0.0,0.0,0.0,0.0,-115.2,-107.2,-99.6,-91.7,-82.2,-68.3,-40.5,17.0,58.4,76.7,87.6,96.1,103.7,111.4,0.0,0.0,0.0,0.0,0.0,0.0
179:(06/28),0.0,0.0,0.0,0.0,-115.2,-107.2,-99.6,-91.6,-82.2,-68.3,-40.6,16.8,58.2,76.6,87.5,96.0,103.7,111.4,0.0,0.0,0.0,0.0,0.0,0.0
180:(06/29),0.0,0.0,0.0,0.0,-115.2,-107.2,-99.6,-91.6,-82.1,-68.3,-40.6,16.5,58.1,76.4,87.4,95.9,103.6,111.3,0.0,0.0,0.0,0.0,0.0,0.0
181:(06/30),0.0,0.0,0.0,0.0,-115.1,-107.2,-99.6,-91.6,-82.1,-68.2,-40.6,16.2,57.9,76.3,87.3,95.8,103.5,111.3,0.0,0.0,0.0,0.0,0.0,0.0
182:(07/01),0.0,0.0,0.0,0.0,-115.1,-107.2,-99.5,-91.5,-82.0,-68.2,-40.7,16.0,57.6,76.2,87.2,95.7,103.4,111.2,0.0,0.0,0.0,0.0,0.0,0.0
183:(07/02),0.0,0.0,0.0,0.0,-115.1,-107.1,-99.5,-91.5,-82.0,-68.1,-40.7,15.7,57.4,76.0,87.1,95.6,103.4,111.1,0.0,0.0,0.0,0.0,0.0,0.0
184:(07/03),0.0,0.0,0.0,0.0,-115.1,-107.1,-99.4,-91.4,-81.9,-68.0,-40.6,15.5,57.2,75.9,87.0,95.5,103.3,111.0,0.0,0.0,0.0,0.0,0.0,0.0
185:(07/04),0.0,0.0,0.0,0.0,-115.0,-107.0,-99.4,-91.4,-81.8,-68.0,-40.6,15.2,56.9,75.7,86.9,95.4,103.2,110.9,0.0,0.0,0.0,0.0,0.0,0.0
186:(07/05),0.0,0.0,0.0,0.0,-115.0,-107.0,-99.3,-91.3,-81.7,-67.8,-40.5,14.9,56.7,75.5,86.7,95.3,103.1,110.8,0.0,0.0,0.0,0.0,0.0,0.0
187:(07/06),0.0,0.0,0.0,0.0,-114.9,-106.9,-99.3,-91.2,-81.6,-67.7,-40.5,14.7,56.4,75.3,86.6,95.2,103.0,110.7,0.0,0.0,0.0,0.0,0.0,0.0
188:(07/07),0.0,0.0,0.0,0.0,-114.9,-106.9,-99.2,-91.1,-81.5,-67.6,-40.4,14.4,56.1,75.1,86.4,95.1,102.8,110.6,0.0,0.0,0.0,0.0,0.0,0.0
189:(07/08),0.0,0.0,0.0,0.0,-114.8,-106.8,-99.1,-91.0,-81.4,-67.5,-40.3,14.2,55.8,74.9,86.3,94.9,102.7,110.5,0.0,0.0,0.0,0.0,0.0,0.0
190:(07/09),0.0,0.0,0.0,0.0,-114.7,-106.7,-99.0,-90.9,-81.3,-67.3,-40.2,13.9,55.5,74.7,86.1,94.8,102.6,110.4,0.0,0.0,0.0,0.0,0.0,0.0
191:(07/10),0.0,0.0,0.0,0.0,-114.7,-106.6,-98.9,-90.8,-81.2,-67.1,-40.0,13.6,55.2,74.5,85.9,94.7,102.5,110.3,0.0,0.0,0.0,0.0,0.0,0.0
192:(07/11),0.0,0.0,0.0,0.0,-114.6,-106.5,-98.8,-90.7,-81.0,-66.9,-39.9,13.4,54.9,74.2,85.7,94.5,102.3,110.1,0.0,0.0,0.0,0.0,0.0,0.0
193:(07/12),0.0,0.0,0.0,0.0,-114.5,-106.4,-98.7,-90.6,-80.8,-66.8,-39.7,13.2,54.6,74.0,85.6,94.3,102.2,110.0,0.0,0.0,0.0,0.0,0.0,0.0
194:(07/13),0.0,0.0,0.0,0.0,-114.4,-106.3,-98.6,-90.4,-80.7,-66.5,-39.5,12.9,54.3,73.7,85.4,94.2,102.1,109.9,0.0,0.0,0.0,0.0,0.0,0.0
195:(07/14),0.0,0.0,0.0,0.0,-114.3,-106.2,-98.5,-90.3,-80.5,-66.3,-39.3,12.7,53.9,73.5,85.2,94.0,101.9,109.8,0.0,0.0,0.0,0.0,0.0,0.0
196:(07/15),0.0,0.0,0.0,0.0,-114.2,-106.1,-98.3,-90.1,-80.3,-66.1,-39.1,12.5,53.6,73.2,85.0,93.8,101.8,109.6,0.0,0.0,0.0,0.0,0.0,0.0
197:(07/16),0.0,0.0,0.0,0.0,-114.1,-106.0,-98.2,-90.0,-80.1,-65.9,-38.9,12.3,53.2,73.0,84.7,93.7,101.6,109.5,0.0,0.0,0.0,0.0,0.0,0.0
198:(07/17),0.0,0.0,0.0,0.0,-114.0,-105.9,-98.0,-89.8,-79.9,-65.6,-38.7,12.1,52.9,72.7,84.5,93.5,101.4,109.3,0.0,0.0,0.0,0.0,0.0,0.0
199:(07/18),0.0,0.0,0.0,0.0,-113.9,-105.7,-97.9,-89.6,-79.7,-65.3,-38.4,11.9,52.5,72.4,84.3,93.3,101.3,109.2,0.0,0.0,0.0,0.0,0.0,0.0
200:(07/19),0.0,0.0,0.0,0.0,-113.7,-105.6,-97.7,-89.4,-79.5,-65.1,-38.2,11.7,52.2,72.1,84.1,93.1,101.1,109.0,0.0,0.0,0.0,0.0,0.0,0.0
201:(07/20),0.0,0.0,0.0,0.0,-113.6,-105.4,-97.6,-89.2,-79.3,-64.8,-37.9,11.5,51.8,71.8,83.8,92.9,100.9,108.8,0.0,0.0,0.0,0.0,0.0,0.0
202:(07/21),0.0,0.0,0.0,0.0,-113.5,-105.3,-97.4,-89.0,-79.0,-64.5,-37.6,11.3,51.4,71.5,83.6,92.7,100.8,108.7,0.0,0.0,0.0,0.0,0.0,0.0
203:(07/22),0.0,0.0,0.0,0.0,-113.3,-105.1,-97.2,-88.8,-78.8,-64.2,-37.3,11.2,51.1,71.2,83.4,92.5,100.6,108.5,0.0,0.0,0.0,0.0,0.0,0.0
204:(07/23),0.0,0.0,0.0,0.0,-113.2,-105.0,-97.0,-88.6,-78.5,-63.9,-37.0,11.0,50.7,70.9,83.1,92.3,100.4,108.3,0.0,0.0,0.0,0.0,0.0,0.0
205:(07/24),0.0,0.0,0.0,0.0,-113.0,-104.8,-96.8,-88.4,-78.2,-63.5,-36.7,10.9,50.3,70.6,82.9,92.1,100.2,108.2,0.0,0.0,0.0,0.0,0.0,0.0
206:(07/25),0.0,0.0,0.0,0.0,-112.8,-104.6,-96.6,-88.2,-78.0,-63.2,-36.4,10.7,49.9,70.3,82.6,91.9,100.0,108.0,0.0,0.0,0.0,0.0,0.0,0.0
207:(07/26),0.0,0.0,0.0,0.0,-112.7,-104.4,-96.4,-88.0,-77.7,-62.9,-36.1,10.6,49.6,70.0,82.3,91.6,99.8,107.8,0.0,0.0,0.0,0.0,0.0,0.0
208:(07/27),0.0,0.0,0.0,0.0,-112.5,-104.2,-96.2,-87.7,-77.4,-62.5,-35.8,10.5,49.2,69.6,82.1,91.4,99.6,107.6,0.0,0.0,0.0,0.0,0.0,0.0
209:(07/28),0.0,0.0,0.0,0.0,-112.3,-104.1,-96.0,-87.5,-77.1,-62.2,-35.4,10.3,48.8,69.3,81.8,91.2,99.4,107.5,0.0,0.0,0.0,0.0,0.0,0.0
210:(07/29),0.0,0.0,0.0,0.0,-112.1,-103.9,-95.8,-87.2,-76.8,-61.8,-35.1,10.2,48.4,69.0,81.5,90.9,99.2,107.3,0.0,0.0,0.0,0.0,0.0,0.0
211:(07/30),0.0,0.0,0.0,0.0,-111.9,-103.6,-95.6,-87.0,-76.5,-61.4,-34.7,10.1,48.1,68.6,81.3,90.7,99.0,107.1,0.0,0.0,0.0,0.0,0.0,0.0
212:(07/31),0.0,0.0,0.0,0.0,-111.7,-103.4,-95.3,-86.7,-76.2,-61.0,-34.3,10.0,47.7,68.3,81.0,90.5,98.8,106.9,0.0,0.0,0.0,0.0,0.0,0.0
213:(08/01),0.0,0.0,0.0,0.0,-111.5,-103.2,-95.1,-86.4,-75.9,-60.6,-34.0,10.0,47.3,68.0,80.7,90.2,98.6,106.7,0.0,0.0,0.0,0.0,0.0,0.0
214:(08/02),0.0,0.0,0.0,0.0,-111.3,-103.0,-94.9,-86.1,-75.5,-60.3,-33.6,9.9,47.0,67.6,80.4,90.0,98.3,106.5,0.0,0.0,0.0,0.0,0.0,0.0
215:(08/03),0.0,0.0,0.0,0.0,-111.1,-102.8,-94.6,-85.9,-75.2,-59.8,-33.2,9.8,46.6,67.3,80.1,89.7,98.1,106.3,0.0,0.0,0.0,0.0,0.0,0.0
216:(08/04),0.0,0.0,0.0,0.0,-110.9,-102.5,-94.4,-85.6,-74.9,-59.4,-32.8,9.8,46.3,67.0,79.8,89.5,97.9,106.1,0.0,0.0,0.0,0.0,0.0,0.0
217:(08/05),0.0,0.0,0.0,0.0,-110.7,-102.3,-94.1,-85.3,-74.5,-59.0,-32.4,9.7,45.9,66.6,79.5,89.2,97.7,105.9,0.0,0.0,0.0,0.0,0.0,0.0
218:(08/06),0.0,0.0,0.0,0.0,-110.4,-102.1,-93.8,-85.0,-74.2,-58.6,-32.0,9.7,45.6,66.3,79.2,89.0,97.4,105.7,0.0,0.0,0.0,0.0,0.0,0.0
219:(08/07),0.0,0.0,0.0,0.0,-110.2,-101.8,-93.6,-84.7,-73.8,-58.2,-31.6,9.6,45.2,65.9,79.0,88.7,97.2,105.4,0.0,0.0,0.0,0.0,0.0,0.0
220:(08/08),0.0,0.0,0.0,0.0,-110.0,-101.6,-93.3,-84.4,-73.4,-57.7,-31.2,9.6,44.9,65.6,78.7,88.5,97.0,105.2,0.0,0.0,0.0,0.0,0.0,0.0
221:(08/09),0.0,0.0,0.0,0.0,-109.7,-101.3,-93.0,-84.0,-73.1,-57.3,-30.8,9.6,44.6,65.2,78.4,88.2,96.8,105.0,0.0,0.0,0.0,0.0,0.0,0.0
222:(08/10),0.0,0.0,0.0,0.0,-109.5,-101.0,-92.7,-83.7,-72.7,-56.9,-30.4,9.5,44.2,64.9,78.1,88.0,96.5,104.8,0.0,0.0,0.0,0.0,0.0,0.0
223:(08/11),0.0,0.0,0.0,0.0,0.0,-100.8,-92.4,-83.4,-72.3,-56.4,-30.0,9.5,43.9,64.6,77.8,87.7,96.3,104.6,0.0,0.0,0.0,0.0,0.0,0.0
224:(08/12),0.0,0.0,0.0,0.0,0.0,-100.5,-92.1,-83.1,-71.9,-56.0,-29.6,9.5,43.6,64.2,77.5,87.4,96.0,104.4,0.0,0.0,0.0,0.0,0.0,0.0
225:(08/13),0.0,0.0,0.0,0.0,0.0,-100.2,-91.8,-82.7,-71.5,-55.5,-29.2,9.5,43.3,63.9,77.2,87.2,95.8,104.1,0.0,0.0,0.0,0.0,0.0,0.0
226:(08/14),0.0,0.0,0.0,0.0,0.0,-99.9,-91.5,-82.4,-71.1,-55.0,-28.8,9.5,43.0,63.6,76.9,86.9,95.6,103.9,0.0,0.0,0.0,0.0,0.0,0.0
227:(08/15),0.0,0.0,0.0,0.0,0.0,-99.7,-91.2,-82.0,-70.7,-54.6,-28.4,9.5,42.6,63.2,76.6,86.6,95.3,103.7,0.0,0.0,0.0,0.0,0.0,0.0
228:(08/16),0.0,0.0,0.0,0.0,0.0,-99.4,-90.9,-81.7,-70.3,-54.1,-28.0,9.5,42.4,62.9,76.3,86.4,95.1,103.5,0.0,0.0,0.0,0.0,0.0,0.0
229:(08/17),0.0,0.0,0.0,0.0,0.0,-99.1,-90.6,-81.3,-69.9,-53.7,-27.6,9.5,42.1,62.6,76.0,86.1,94.8,103.2,0.0,0.0,0.0,0.0,0.0,0.0
230:(08/18),0.0,0.0,0.0,0.0,0.0,-98.8,-90.3,-81.0,-69.5,-53.2,-27.2,9.5,41.8,62.2,75.7,85.8,94.6,103.0,0.0,0.0,0.0,0.0,0.0,0.0
231:(08/19),0.0,0.0,0.0,0.0,0.0,-98.5,-90.0,-80.6,-69.1,-52.7,-26.8,9.6,41.5,61.9,75.4,85.5,94.3,102.8,0.0,0.0,0.0,0.0,0.0,0.0
232:(08/20),0.0,0.0,0.0,0.0,0.0,-98.2,-89.6,-80.3,-68.7,-52.2,-26.3,9.6,41.2,61.6,75.1,85.3,94.1,102.5,0.0,0.0,0.0,0.0,0.0,0.0
233:(08/21),0.0,0.0,0.0,0.0,0.0,-97.9,-89.3,-79.9,-68.3,-51.8,-25.9,9.6,40.9,61.2,74.7,85.0,93.8,102.3,0.0,0.0,0.0,0.0,0.0,0.0
234:(08/22),0.0,0.0,0.0,0.0,0.0,-97.5,-89.0,-79.5,-67.8,-51.3,-25.5,9.7,40.7,60.9,74.4,84.7,93.6,102.1,0.0,0.0,0.0,0.0,0.0,0.0
235:(08/23),0.0,0.0,0.0,0.0,0.0,-97.2,-88.6,-79.1,-67.4,-50.8,-25.1,9.7,40.4,60.6,74.1,84.4,93.3,101.8,0.0,0.0,0.0,0.0,0.0,0.0
236:(08/24),0.0,0.0,0.0,0.0,0.0,-96.9,-88.3,-78.8,-67.0,-50.3,-24.7,9.7,40.1,60.3,73.8,84.2,93.1,101.6,0.0,0.0,0.0,0.0,0.0,0.0
237:(08/25),0.0,0.0,0.0,0.0,0.0,-96.6,-87.9,-78.4,-66.5,-49.9,-24.3,9.8,39.9,60.0,73.5,83.9,92.8,101.4,0.0,0.0,0.0,0.0,0.0,0.0
238:(08/26),0.0,0.0,0.0,0.0,0.0,-96.3,-87.6,-78.0,-66.1,-49.4,-23.9,9.8,39.6,59.7,73.2,83.6,92.6,101.1,0.0,0.0,0.0,0.0,0.0,0.0
239:(08/27),0.0,0.0,0.0,0.0,0.0,-95.9,-87.2,-77.6,-65.7,-48.9,-23.5,9.9,39.4,59.3,73.0,83.3,92.3,100.9,0.0,0.0,0.0,0.0,0.0,0.0
240:(08/28),0.0,0.0,0.0,0.0,0.0,-95.6,-86.9,-77.2,-65.2,-48.4,-23.1,9.9,39.2,59.0,72.7,83.1,92.0,100.6,0.0,0.0,0.0,0.0,0.0,0.0
241:(08/29),0.0,0.0,0.0,0.0,0.0,-95.3,-86.5,-76.8,-64.8,-47.9,-22.7,9.9,38.9,58.7,72.4,82.8,91.8,100.4,0.0,0.0,0.0,0.0,0.0,0.0
242:(08/30),0.0,0.0,0.0,0.0,0.0,-94.9,-86.2,-76.4,-64.3,-47.5,-22.3,10.0,38.7,58.4,72.1,82.5,91.5,100.1,0.0,0.0,0.0,0.0,0.0,0.0
243:(08/31),0.0,0.0,0.0,0.0,0.0,-94.6,-85.8,-76.1,-63.9,-47.0,-22.0,10.0,38.5,58.1,71.8,82.2,91.3,99.9,0.0,0.0,0.0,0.0,0.0,0.0
244:(09/01),0.0,0.0,0.0,0.0,0.0,-94.2,-85.5,-75.7,-63.5,-46.5,-21.6,10.1,38.3,57.8,71.5,82.0,91.0,99.7,0.0,0.0,0.0,0.0,0.0,0.0
245:(09/02),0.0,0.0,0.0,0.0,0.0,-93.9,-85.1,-75.3,-63.0,-46.0,-21.2,10.2,38.0,57.6,71.2,81.7,90.8,99.4,0.0,0.0,0.0,0.0,0.0,0.0
246:(09/03),0.0,0.0,0.0,0.0,0.0,-93.6,-84.7,-74.9,-62.6,-45.6,-20.8,10.2,37.8,57.3,70.9,81.4,90.5,99.2,0.0,0.0,0.0,0.0,0.0,0.0
247:(09/04),0.0,0.0,0.0,0.0,0.0,-93.2,-84.4,-74.5,-62.1,-45.1,-20.5,10.3,37.6,57.0,70.6,81.1,90.2,98.9,0.0,0.0,0.0,0.0,0.0,0.0
248:(09/05),0.0,0.0,0.0,0.0,0.0,-92.9,-84.0,-74.0,-61.7,-44.6,-20.1,10.3,37.4,56.7,70.3,80.9,90.0,98.7,0.0,0.0,0.0,0.0,0.0,0.0
249:(09/06),0.0,0.0,0.0,0.0,0.0,-92.5,-83.6,-73.6,-61.2,-44.1,-19.7,10.4,37.2,56.4,70.0,80.6,89.7,0.0,0.0,0.0,0.0,0.0,0.0,0.0
250:(09/07),0.0,0.0,0.0,0.0,0.0,-92.1,-83.2,-73.2,-60.8,-43.7,-19.4,10.4,37.0,56.1,69.7,80.3,89.5,0.0,0.0,0.0,0.0,0.0,0.0,0.0
251:(09/08),0.0,0.0,0.0,0.0,0.0,-91.8,-82.9,-72.8,-60.3,-43.2,-19.0,10.5,36.8,55.9,69.5,80.0,89.2,0.0,0.0,0.0,0.0,0.0,0.0,0.0
252:(09/09),0.0,0.0,0.0,0.0,0.0,-91.4,-82.5,-72.4,-59.9,-42.8,-18.7,10.5,36.6,55.6,69.2,79.8,88.9,0.0,0.0,0.0,0.0,0.0,0.0,0.0
253:(09/10),0.0,0.0,0.0,0.0,0.0,-91.1,-82.1,-72.0,-59.4,-42.3,-18.3,10.6,36.5,55.3,68.9,79.5,88.7,0.0,0.0,0.0,0.0,0.0,0.0,0.0
254:(09/11),0.0,0.0,0.0,0.0,0.0,-90.7,-81.7,-71.6,-59.0,-41.8,-18.0,10.7,36.3,55.0,68.6,79.2,88.4,0.0,0.0,0.0,0.0,0.0,0.0,0.0
255:(09/12),0.0,0.0,0.0,0.0,0.0,-90.3,-81.4,-71.2,-58.6,-41.4,-17.6,10.7,36.1,54.8,68.3,79.0,88.1,0.0,0.0,0.0,0.0,0.0,0.0,0.0
256:(09/13),0.0,0.0,0.0,0.0,0.0,-90.0,-81.0,-70.8,-58.1,-41.0,-17.3,10.8,35.9,54.5,68.1,78.7,87.9,0.0,0.0,0.0,0.0,0.0,0.0,0.0
257:(09/14),0.0,0.0,0.0,0.0,0.0,-89.6,-80.6,-70.4,-57.7,-40.5,-17.0,10.8,35.7,54.3,67.8,78.4,87.6,0.0,0.0,0.0,0.0,0.0,0.0,0.0
258:(09/15),0.0,0.0,0.0,0.0,0.0,-89.2,-80.2,-70.0,-57.2,-40.1,-16.7,10.9,35.6,54.0,67.5,78.1,87.3,0.0,0.0,0.0,0.0,0.0,0.0,0.0
259:(09/16),0.0,0.0,0.0,0.0,0.0,-88.9,-79.8,-69.6,-56.8,-39.6,-16.4,10.9,35.4,53.7,67.2,77.9,87.1,0.0,0.0,0.0,0.0,0.0,0.0,0.0
260:(09/17),0.0,0.0,0.0,0.0,0.0,-88.5,-79.4,-69.2,-56.4,-39.2,-16.0,11.0,35.2,53.5,67.0,77.6,86.8,0.0,0.0,0.0,0.0,0.0,0.0,0.0
261:(09/18),0.0,0.0,0.0,0.0,0.0,-88.1,-79.1,-68.8,-55.9,-38.8,-15.7,11.0,35.1,53.2,66.7,77.3,86.6,0.0,0.0,0.0,0.0,0.0,0.0,0.0
262:(09/19),0.0,0.0,0.0,0.0,0.0,-87.8,-78.7,-68.4,-55.5,-38.4,-15.4,11.1,34.9,53.0,66.4,77.1,86.3,0.0,0.0,0.0,0.0,0.0,0.0,0.0
263:(09/20),0.0,0.0,0.0,0.0,0.0,-87.4,-78.3,-68.0,-55.1,-37.9,-15.1,11.1,34.8,52.7,66.1,76.8,86.0,0.0,0.0,0.0,0.0,0.0,0.0,0.0
264:(09/21),0.0,0.0,0.0,0.0,0.0,-87.0,-77.9,-67.5,-54.7,-37.5,-14.8,11.2,34.6,52.5,65.9,76.5,85.8,0.0,0.0,0.0,0.0,0.0,0.0,0.0
265:(09/22),0.0,0.0,0.0,0.0,0.0,-86.7,-77.5,-67.1,-54.2,-37.1,-14.6,11.2,34.4,52.2,65.6,76.3,85.5,0.0,0.0,0.0,0.0,0.0,0.0,0.0
266:(09/23),0.0,0.0,0.0,0.0,0.0,-86.3,-77.2,-66.7,-53.8,-36.7,-14.3,11.3,34.3,52.0,65.3,76.0,85.2,0.0,0.0,0.0,0.0,0.0,0.0,0.0
267:(09/24),0.0,0.0,0.0,0.0,0.0,-85.9,-76.8,-66.3,-53.4,-36.3,-14.0,11.3,34.1,51.8,65.1,75.7,85.0,0.0,0.0,0.0,0.0,0.0,0.0,0.0
268:(09/25),0.0,0.0,0.0,0.0,0.0,-85.6,-76.4,-66.0,-53.0,-35.9,-13.7,11.3,34.0,51.5,64.8,75.5,84.7,0.0,0.0,0.0,0.0,0.0,0.0,0.0
269:(09/26),0.0,0.0,0.0,0.0,0.0,-85.2,-76.0,-65.6,-52.6,-35.5,-13.5,11.4,33.8,51.3,64.6,75.2,84.4,0.0,0.0,0.0,0.0,0.0,0.0,0.0
270:(09/27),0.0,0.0,0.0,0.0,0.0,-84.8,-75.7,-65.2,-52.2,-35.2,-13.2,11.4,33.7,51.1,64.3,74.9,84.2,0.0,0.0,0.0,0.0,0.0,0.0,0.0
271:(09/28),0.0,0.0,0.0,0.0,0.0,-84.5,-75.3,-64.8,-51.8,-34.8,-13.0,11.4,33.5,50.8,64.0,74.7,83.9,0.0,0.0,0.0,0.0,0.0,0.0,0.0
272:(09/29),0.0,0.0,0.0,0.0,0.0,-84.1,-74.9,-64.4,-51.4,-34.4,-12.7,11.5,33.4,50.6,63.8,74.4,83.6,0.0,0.0,0.0,0.0,0.0,0.0,0.0
273:(09/30),0.0,0.0,0.0,0.0,0.0,-83.7,-74.5,-64.0,-51.0,-34.0,-12.5,11.5,33.3,50.4,63.5,74.1,83.4,0.0,0.0,0.0,0.0,0.0,0.0,0.0
274:(10/01),0.0,0.0,0.0,0.0,0.0,-83.4,-74.2,-63.6,-50.6,-33.7,-12.2,11.5,33.1,50.1,63.3,73.9,83.1,0.0,0.0,0.0,0.0,0.0,0.0,0.0
275:(10/02),0.0,0.0,0.0,0.0,0.0,-83.0,-73.8,-63.2,-50.2,-33.3,-12.0,11.6,33.0,49.9,63.0,73.6,82.8,0.0,0.0,0.0,0.0,0.0,0.0,0.0
276:(10/03),0.0,0.0,0.0,0.0,0.0,-82.6,-73.4,-62.9,-49.8,-33.0,-11.8,11.6,32.8,49.7,62.8,73.3,82.6,0.0,0.0,0.0,0.0,0.0,0.0,0.0
277:(10/04),0.0,0.0,0.0,0.0,0.0,-82.3,-73.1,-62.5,-49.4,-32.6,-11.6,11.6,32.7,49.5,62.5,73.1,82.3,0.0,0.0,0.0,0.0,0.0,0.0,0.0
278:(10/05),0.0,0.0,0.0,0.0,0.0,-81.9,-72.7,-62.1,-49.1,-32.3,-11.4,11.6,32.5,49.2,62.3,72.8,82.0,0.0,0.0,0.0,0.0,0.0,0.0,0.0
279:(10/06),0.0,0.0,0.0,0.0,0.0,-81.6,-72.3,-61.7,-48.7,-32.0,-11.2,11.6,32.4,49.0,62.0,72.6,81.8,0.0,0.0,0.0,0.0,0.0,0.0,0.0
280:(10/07),0.0,0.0,0.0,0.0,0.0,-81.2,-72.0,-61.4,-48.3,-31.7,-11.0,11.7,32.3,48.8,61.8,72.3,81.5,0.0,0.0,0.0,0.0,0.0,0.0,0.0
281:(10/08),0.0,0.0,0.0,0.0,0.0,-80.9,-71.6,-61.0,-48.0,-31.3,-10.8,11.7,32.1,48.6,61.5,72.0,81.2,0.0,0.0,0.0,0.0,0.0,0.0,0.0
282:(10/09),0.0,0.0,0.0,0.0,0.0,-80.5,-71.3,-60.7,-47.6,-31.0,-10.6,11.7,32.0,48.4,61.3,71.8,81.0,0.0,0.0,0.0,0.0,0.0,0.0,0.0
283:(10/10),0.0,0.0,0.0,0.0,0.0,-80.2,-70.9,-60.3,-47.3,-30.7,-10.4,11.7,31.8,48.1,61.0,71.5,80.7,0.0,0.0,0.0,0.0,0.0,0.0,0.0
284:(10/11),0.0,0.0,0.0,0.0,0.0,-79.8,-70.6,-60.0,-46.9,-30.4,-10.2,11.7,31.7,47.9,60.8,71.3,80.4,0.0,0.0,0.0,0.0,0.0,0.0,0.0
285:(10/12),0.0,0.0,0.0,0.0,0.0,-79.5,-70.2,-59.6,-46.6,-30.1,-10.0,11.7,31.6,47.7,60.5,71.0,80.2,0.0,0.0,0.0,0.0,0.0,0.0,0.0
286:(10/13),0.0,0.0,0.0,0.0,0.0,-79.1,-69.9,-59.3,-46.3,-29.9,-9.9,11.7,31.4,47.5,60.3,70.7,79.9,0.0,0.0,0.0,0.0,0.0,0.0,0.0
287:(10/14),0.0,0.0,0.0,0.0,0.0,-78.8,-69.6,-58.9,-45.9,-29.6,-9.7,11.7,31.3,47.3,60.0,70.5,79.6,0.0,0.0,0.0,0.0,0.0,0.0,0.0
288:(10/15),0.0,0.0,0.0,0.0,0.0,-78.5,-69.2,-58.6,-45.6,-29.3,-9.5,11.7,31.1,47.1,59.8,70.2,79.4,0.0,0.0,0.0,0.0,0.0,0.0,0.0
289:(10/16),0.0,0.0,0.0,0.0,0.0,-78.1,-68.9,-58.3,-45.3,-29.0,-9.4,11.7,31.0,46.9,59.5,70.0,79.1,0.0,0.0,0.0,0.0,0.0,0.0,0.0
290:(10/17),0.0,0.0,0.0,0.0,0.0,-77.8,-68.6,-58.0,-45.0,-28.8,-9.3,11.7,30.9,46.7,59.3,69.7,78.8,0.0,0.0,0.0,0.0,0.0,0.0,0.0
291:(10/18),0.0,0.0,0.0,0.0,0.0,-77.5,-68.3,-57.6,-44.7,-28.5,-9.1,11.6,30.7,46.4,59.1,69.5,0.0,0.0,0.0,0.0,0.0,0.0,0.0,0.0
292:(10/19),0.0,0.0,0.0,0.0,0.0,-77.2,-67.9,-57.3,-44.4,-28.3,-9.0,11.6,30.6,46.2,58.8,69.2,0.0,0.0,0.0,0.0,0.0,0.0,0.0,0.0
293:(10/20),0.0,0.0,0.0,0.0,0.0,-76.9,-67.6,-57.0,-44.1,-28.0,-8.9,11.6,30.4,46.0,58.6,68.9,0.0,0.0,0.0,0.0,0.0,0.0,0.0,0.0
294:(10/21),0.0,0.0,0.0,0.0,0.0,-76.5,-67.3,-56.7,-43.8,-27.8,-8.7,11.6,30.3,45.8,58.3,68.7,0.0,0.0,0.0,0.0,0.0,0.0,0.0,0.0
295:(10/22),0.0,0.0,0.0,0.0,0.0,-76.2,-67.0,-56.4,-43.5,-27.6,-8.6,11.6,30.1,45.6,58.1,68.4,0.0,0.0,0.0,0.0,0.0,0.0,0.0,0.0
296:(10/23),0.0,0.0,0.0,0.0,0.0,-75.9,-66.7,-56.1,-43.3,-27.4,-8.5,11.5,30.0,45.4,57.9,68.2,0.0,0.0,0.0,0.0,0.0,0.0,0.0,0.0
297:(10/24),0.0,0.0,0.0,0.0,0.0,-75.6,-66.4,-55.8,-43.0,-27.2,-8.4,11.5,29.9,45.2,57.6,67.9,0.0,0.0,0.0,0.0,0.0,0.0,0.0,0.0
298:(10/25),0.0,0.0,0.0,0.0,0.0,-75.3,-66.1,-55.5,-42.7,-26.9,-8.3,11.5,29.7,45.0,57.4,67.7,0.0,0.0,0.0,0.0,0.0,0.0,0.0,0.0
299:(10/26),0.0,0.0,0.0,0.0,0.0,0.0,-65.8,-55.3,-42.5,-26.7,-8.2,11.4,29.6,44.8,57.1,67.4,0.0,0.0,0.0,0.0,0.0,0.0,0.0,0.0
300:(10/27),0.0,0.0,0.0,0.0,0.0,0.0,-65.6,-55.0,-42.2,-26.6,-8.1,11.4,29.4,44.6,56.9,67.2,0.0,0.0,0.0,0.0,0.0,0.0,0.0,0.0
301:(10/28),0.0,0.0,0.0,0.0,0.0,0.0,-65.3,-54.7,-42.0,-26.4,-8.0,11.3,29.3,44.4,56.7,66.9,0.0,0.0,0.0,0.0,0.0,0.0,0.0,0.0
302:(10/29),0.0,0.0,0.0,0.0,0.0,0.0,-65.0,-54.5,-41.7,-26.2,-8.0,11.3,29.1,44.2,56.4,66.7,0.0,0.0,0.0,0.0,0.0,0.0,0.0,0.0
303:(10/30),0.0,0.0,0.0,0.0,0.0,0.0,-64.7,-54.2,-41.5,-26.0,-7.9,11.2,29.0,44.0,56.2,66.4,0.0,0.0,0.0,0.0,0.0,0.0,0.0,0.0
304:(10/31),0.0,0.0,0.0,0.0,0.0,0.0,-64.5,-54.0,-41.3,-25.9,-7.8,11.2,28.8,43.8,56.0,66.2,0.0,0.0,0.0,0.0,0.0,0.0,0.0,0.0
305:(11/01),0.0,0.0,0.0,0.0,0.0,0.0,-64.2,-53.7,-41.1,-25.7,-7.8,11.1,28.7,43.6,55.8,66.0,0.0,0.0,0.0,0.0,0.0,0.0,0.0,0.0
306:(11/02),0.0,0.0,0.0,0.0,0.0,0.0,-64.0,-53.5,-40.9,-25.5,-7.7,11.1,28.5,43.3,55.5,65.7,0.0,0.0,0.0,0.0,0.0,0.0,0.0,0.0
307:(11/03),0.0,0.0,0.0,0.0,0.0,0.0,-63.7,-53.3,-40.7,-25.4,-7.7,11.0,28.4,43.1,55.3,65.5,0.0,0.0,0.0,0.0,0.0,0.0,0.0,0.0
308:(11/04),0.0,0.0,0.0,0.0,0.0,0.0,-63.5,-53.0,-40.5,-25.3,-7.6,11.0,28.2,42.9,55.1,65.2,0.0,0.0,0.0,0.0,0.0,0.0,0.0,0.0
309:(11/05),0.0,0.0,0.0,0.0,0.0,0.0,-63.3,-52.8,-40.3,-25.1,-7.6,10.9,28.1,42.7,54.8,65.0,0.0,0.0,0.0,0.0,0.0,0.0,0.0,0.0
310:(11/06),0.0,0.0,0.0,0.0,0.0,0.0,-63.0,-52.6,-40.1,-25.0,-7.5,10.8,27.9,42.5,54.6,64.8,0.0,0.0,0.0,0.0,0.0,0.0,0.0,0.0
311:(11/07),0.0,0.0,0.0,0.0,0.0,0.0,-62.8,-52.4,-39.9,-24.9,-7.5,10.7,27.8,42.3,54.4,64.5,0.0,0.0,0.0,0.0,0.0,0.0,0.0,0.0
312:(11/08),0.0,0.0,0.0,0.0,0.0,0.0,-62.6,-52.2,-39.7,-24.8,-7.5,10.7,27.6,42.1,54.2,64.3,0.0,0.0,0.0,0.0,0.0,0.0,0.0,0.0
313:(11/09),0.0,0.0,0.0,0.0,0.0,0.0,-62.4,-52.0,-39.6,-24.7,-7.5,10.6,27.5,41.9,54.0,64.0,0.0,0.0,0.0,0.0,0.0,0.0,0.0,0.0
314:(11/10),0.0,0.0,0.0,0.0,0.0,0.0,-62.2,-51.8,-39.4,-24.6,-7.4,10.5,27.3,41.7,53.7,63.8,0.0,0.0,0.0,0.0,0.0,0.0,0.0,0.0
315:(11/11),0.0,0.0,0.0,0.0,0.0,0.0,-62.0,-51.6,-39.3,-24.5,-7.4,10.4,27.2,41.5,53.5,63.6,0.0,0.0,0.0,0.0,0.0,0.0,0.0,0.0
316:(11/12),0.0,0.0,0.0,0.0,0.0,0.0,-61.8,-51.5,-39.1,-24.4,-7.4,10.4,27.0,41.4,53.3,63.4,0.0,0.0,0.0,0.0,0.0,0.0,0.0,0.0
317:(11/13),0.0,0.0,0.0,0.0,0.0,0.0,-61.6,-51.3,-39.0,-24.3,-7.4,10.3,26.9,41.2,53.1,63.1,0.0,0.0,0.0,0.0,0.0,0.0,0.0,0.0
318:(11/14),0.0,0.0,0.0,0.0,0.0,0.0,-61.4,-51.1,-38.9,-24.2,-7.4,10.2,26.7,41.0,52.9,62.9,0.0,0.0,0.0,0.0,0.0,0.0,0.0,0.0
319:(11/15),0.0,0.0,0.0,0.0,0.0,0.0,-61.2,-51.0,-38.8,-24.2,-7.4,10.1,26.5,40.8,52.7,62.7,0.0,0.0,0.0,0.0,0.0,0.0,0.0,0.0
320:(11/16),0.0,0.0,0.0,0.0,0.0,0.0,-61.1,-50.8,-38.6,-24.1,-7.4,10.0,26.4,40.6,52.4,62.5,0.0,0.0,0.0,0.0,0.0,0.0,0.0,0.0
321:(11/17),0.0,0.0,0.0,0.0,0.0,0.0,-60.9,-50.7,-38.5,-24.0,-7.5,9.9,26.2,40.4,52.2,62.2,0.0,0.0,0.0,0.0,0.0,0.0,0.0,0.0
322:(11/18),0.0,0.0,0.0,0.0,0.0,0.0,-60.8,-50.6,-38.4,-24.0,-7.5,9.8,26.1,40.2,52.0,62.0,0.0,0.0,0.0,0.0,0.0,0.0,0.0,0.0
323:(11/19),0.0,0.0,0.0,0.0,0.0,0.0,-60.6,-50.4,-38.3,-23.9,-7.5,9.7,25.9,40.0,51.8,61.8,0.0,0.0,0.0,0.0,0.0,0.0,0.0,0.0
324:(11/20),0.0,0.0,0.0,0.0,0.0,0.0,-60.5,-50.3,-38.2,-23.9,-7.5,9.6,25.8,39.8,51.6,61.6,0.0,0.0,0.0,0.0,0.0,0.0,0.0,0.0
325:(11/21),0.0,0.0,0.0,0.0,0.0,0.0,-60.3,-50.2,-38.2,-23.9,-7.6,9.5,25.6,39.6,51.4,61.4,0.0,0.0,0.0,0.0,0.0,0.0,0.0,0.0
326:(11/22),0.0,0.0,0.0,0.0,0.0,0.0,-60.2,-50.1,-38.1,-23.8,-7.6,9.4,25.4,39.4,51.2,61.2,0.0,0.0,0.0,0.0,0.0,0.0,0.0,0.0
327:(11/23),0.0,0.0,0.0,0.0,0.0,0.0,-60.1,-50.0,-38.0,-23.8,-7.7,9.3,25.3,39.3,51.0,61.0,0.0,0.0,0.0,0.0,0.0,0.0,0.0,0.0
328:(11/24),0.0,0.0,0.0,0.0,0.0,0.0,-60.0,-49.9,-37.9,-23.8,-7.7,9.2,25.1,39.1,50.8,60.8,0.0,0.0,0.0,0.0,0.0,0.0,0.0,0.0
329:(11/25),0.0,0.0,0.0,0.0,0.0,0.0,-59.9,-49.8,-37.9,-23.8,-7.8,9.0,25.0,38.9,50.6,60.6,0.0,0.0,0.0,0.0,0.0,0.0,0.0,0.0
330:(11/26),0.0,0.0,0.0,0.0,0.0,0.0,-59.8,-49.7,-37.8,-23.8,-7.8,8.9,24.8,38.7,50.4,60.4,0.0,0.0,0.0,0.0,0.0,0.0,0.0,0.0
331:(11/27),0.0,0.0,0.0,0.0,0.0,0.0,-59.7,-49.6,-37.8,-23.8,-7.9,8.8,24.6,38.5,50.3,60.2,0.0,0.0,0.0,0.0,0.0,0.0,0.0,0.0
332:(11/28),0.0,0.0,0.0,0.0,0.0,0.0,-59.6,-49.6,-37.8,-23.8,-7.9,8.7,24.5,38.4,50.1,60.0,0.0,0.0,0.0,0.0,0.0,0.0,0.0,0.0
333:(11/29),0.0,0.0,0.0,0.0,0.0,0.0,-59.5,-49.5,-37.7,-23.8,-8.0,8.6,24.3,38.2,49.9,59.8,0.0,0.0,0.0,0.0,0.0,0.0,0.0,0.0
334:(11/30),0.0,0.0,0.0,0.0,0.0,0.0,-59.4,-49.5,-37.7,-23.8,-8.1,8.5,24.2,38.0,49.7,59.6,0.0,0.0,0.0,0.0,0.0,0.0,0.0,0.0
335:(12/01),0.0,0.0,0.0,0.0,0.0,0.0,-59.3,-49.4,-37.7,-23.9,-8.1,8.3,24.0,37.8,49.5,59.5,0.0,0.0,0.0,0.0,0.0,0.0,0.0,0.0
336:(12/02),0.0,0.0,0.0,0.0,0.0,0.0,-59.3,-49.4,-37.7,-23.9,-8.2,8.2,23.9,37.7,49.4,59.3,0.0,0.0,0.0,0.0,0.0,0.0,0.0,0.0
337:(12/03),0.0,0.0,0.0,0.0,0.0,0.0,-59.2,-49.3,-37.7,-23.9,-8.3,8.1,23.7,37.5,49.2,59.1,0.0,0.0,0.0,0.0,0.0,0.0,0.0,0.0
338:(12/04),0.0,0.0,0.0,0.0,0.0,0.0,-59.2,-49.3,-37.7,-24.0,-8.4,8.0,23.6,37.3,49.0,58.9,0.0,0.0,0.0,0.0,0.0,0.0,0.0,0.0
339:(12/05),0.0,0.0,0.0,0.0,0.0,0.0,-59.1,-49.3,-37.7,-24.0,-8.5,7.8,23.4,37.2,48.9,58.8,0.0,0.0,0.0,0.0,0.0,0.0,0.0,0.0
340:(12/06),0.0,0.0,0.0,0.0,0.0,0.0,-59.1,-49.3,-37.7,-24.0,-8.6,7.7,23.3,37.0,48.7,58.6,0.0,0.0,0.0,0.0,0.0,0.0,0.0,0.0
341:(12/07),0.0,0.0,0.0,0.0,0.0,0.0,-59.1,-49.3,-37.7,-24.1,-8.7,7.6,23.1,36.9,48.5,58.5,0.0,0.0,0.0,0.0,0.0,0.0,0.0,0.0
342:(12/08),0.0,0.0,0.0,0.0,0.0,0.0,-59.1,-49.3,-37.7,-24.2,-8.8,7.4,23.0,36.7,48.4,58.3,0.0,0.0,0.0,0.0,0.0,0.0,0.0,0.0
343:(12/09),0.0,0.0,0.0,0.0,0.0,0.0,-59.0,-49.3,-37.8,-24.2,-8.9,7.3,22.8,36.5,48.2,58.2,0.0,0.0,0.0,0.0,0.0,0.0,0.0,0.0
344:(12/10),0.0,0.0,0.0,0.0,0.0,0.0,-59.0,-49.3,-37.8,-24.3,-9.0,7.2,22.7,36.4,48.1,58.0,0.0,0.0,0.0,0.0,0.0,0.0,0.0,0.0
345:(12/11),0.0,0.0,0.0,0.0,0.0,0.0,-59.0,-49.3,-37.8,-24.4,-9.1,7.0,22.5,36.2,47.9,57.9,0.0,0.0,0.0,0.0,0.0,0.0,0.0,0.0
346:(12/12),0.0,0.0,0.0,0.0,0.0,0.0,-59.0,-49.3,-37.9,-24.4,-9.2,6.9,22.4,36.1,47.8,57.8,0.0,0.0,0.0,0.0,0.0,0.0,0.0,0.0
347:(12/13),0.0,0.0,0.0,0.0,0.0,0.0,-59.1,-49.3,-37.9,-24.5,-9.3,6.8,22.2,36.0,47.7,57.6,0.0,0.0,0.0,0.0,0.0,0.0,0.0,0.0
348:(12/14),0.0,0.0,0.0,0.0,0.0,0.0,-59.1,-49.4,-38.0,-24.6,-9.4,6.6,22.1,35.8,47.5,57.5,0.0,0.0,0.0,0.0,0.0,0.0,0.0,0.0
349:(12/15),0.0,0.0,0.0,0.0,0.0,0.0,-59.1,-49.4,-38.1,-24.7,-9.5,6.5,21.9,35.7,47.4,57.4,0.0,0.0,0.0,0.0,0.0,0.0,0.0,0.0
350:(12/16),0.0,0.0,0.0,0.0,0.0,0.0,-59.1,-49.5,-38.1,-24.8,-9.6,6.4,21.8,35.6,47.3,57.3,0.0,0.0,0.0,0.0,0.0,0.0,0.0,0.0
351:(12/17),0.0,0.0,0.0,0.0,0.0,0.0,-59.2,-49.5,-38.2,-24.9,-9.7,6.2,21.7,35.4,47.2,57.2,0.0,0.0,0.0,0.0,0.0,0.0,0.0,0.0
352:(12/18),0.0,0.0,0.0,0.0,0.0,0.0,-59.2,-49.6,-38.3,-25.0,-9.9,6.1,21.5,35.3,47.1,57.1,0.0,0.0,0.0,0.0,0.0,0.0,0.0,0.0
353:(12/19),0.0,0.0,0.0,0.0,0.0,0.0,-59.3,-49.6,-38.4,-25.1,-10.0,6.0,21.4,35.2,47.0,57.0,0.0,0.0,0.0,0.0,0.0,0.0,0.0,0.0
354:(12/20),0.0,0.0,0.0,0.0,0.0,0.0,-59.3,-49.7,-38.4,-25.2,-10.1,5.8,21.3,35.1,46.9,56.9,0.0,0.0,0.0,0.0,0.0,0.0,0.0,0.0
355:(12/21),0.0,0.0,0.0,0.0,0.0,0.0,-59.4,-49.8,-38.5,-25.3,-10.2,5.7,21.2,35.0,46.8,56.8,0.0,0.0,0.0,0.0,0.0,0.0,0.0,0.0
356:(12/22),0.0,0.0,0.0,0.0,0.0,0.0,-59.4,-49.9,-38.6,-25.4,-10.4,5.6,21.0,34.8,46.7,56.7,0.0,0.0,0.0,0.0,0.0,0.0,0.0,0.0
357:(12/23),0.0,0.0,0.0,0.0,0.0,0.0,-59.5,-50.0,-38.7,-25.5,-10.5,5.4,20.9,34.7,46.6,56.6,0.0,0.0,0.0,0.0,0.0,0.0,0.0,0.0
358:(12/24),0.0,0.0,0.0,0.0,0.0,0.0,-59.6,-50.0,-38.8,-25.7,-10.6,5.3,20.8,34.6,46.5,56.5,0.0,0.0,0.0,0.0,0.0,0.0,0.0,0.0
359:(12/25),0.0,0.0,0.0,0.0,0.0,0.0,-59.7,-50.1,-38.9,-25.8,-10.8,5.2,20.7,34.5,46.4,56.5,0.0,0.0,0.0,0.0,0.0,0.0,0.0,0.0
360:(12/26),0.0,0.0,0.0,0.0,0.0,0.0,-59.8,-50.2,-39.1,-25.9,-10.9,5.1,20.6,34.4,46.3,56.4,0.0,0.0,0.0,0.0,0.0,0.0,0.0,0.0
361:(12/27),0.0,0.0,0.0,0.0,0.0,0.0,-59.9,-50.4,-39.2,-26.0,-11.0,4.9,20.4,34.4,46.3,56.4,0.0,0.0,0.0,0.0,0.0,0.0,0.0,0.0
362:(12/28),0.0,0.0,0.0,0.0,0.0,0.0,-60.0,-50.5,-39.3,-26.2,-11.2,4.8,20.3,34.3,46.2,56.3,0.0,0.0,0.0,0.0,0.0,0.0,0.0,0.0
363:(12/29),0.0,0.0,0.0,0.0,0.0,0.0,-60.1,-50.6,-39.4,-26.3,-11.3,4.7,20.2,34.2,46.1,56.3,0.0,0.0,0.0,0.0,0.0,0.0,0.0,0.0
364:(12/30),0.0,0.0,0.0,0.0,0.0,0.0,-60.2,-50.7,-39.6,-26.4,-11.5,4.5,20.1,34.1,46.1,56.2,0.0,0.0,0.0,0.0,0.0,0.0,0.0,0.0
365:(12/31),0.0,0.0,0.0,0.0,0.0,0.0,-60.3,-50.8,-39.7,-26.6,-11.6,4.4,20.0,34.0,46.0,56.2,0.0,0.0,0.0,0.0,0.0,0.0,0.0,0.0
